,TIER_3_OPERATING_HOURS_SUB,FACILITY_ID,REPORTING_YEAR,FACILITY_NAME,UNIT_NAME,FUEL_TYPE,FUEL_TYPE_BLEND,TIER_1_METHOD_EQUATION,TIER_1_START_DATE,TIER_1_END_DATE,TIER_1_CO2_EMISSIONS,TIER_1_CH4_EMISSIONS,TIER_1_N2O_EMISSIONS,TIER_1_CH4_EMISSIONS_CO2E,TIER_1_N2O_EMISSIONS_CO2E,TIER_2_METHOD_EQUATION,TIER_2_START_DATE,TIER_2_END_DATE,TIER_2_HHV_DETERMIN_FREQUENCY,TIER2_HHV_DETERMIN_FREQ_OTH,TIER_2_CO2_EMISSIONS,TIER_2_CH4_EMISSIONS,TIER_2_N2O_EMISSIONS,TIER_2_CH4_EMISSIONS_CO2E,TIER_2_N2O_EMISSIONS_CO2E,TIER_3_METHOD_EQUATION,TIER_3_START_DATE,TIER_3_END_DATE,TIER3_CARBON_DETERMIN_FREQUENC,TIER3_CARBON_DETERMIN_NUM_SUB,TIER3_CARBON_DETERMIN_NUM_VALI,TIER3_MOL_DETERMIN_FREQ,TIER3_MOL_DETERMIN_FREQ_OTHER,TIER3_MOL_DETERMIN_NUMBER,TIER3_MOL_DETERMIN_NUM_VALID,TIER_3_CO2_EMISSIONS,TIER_3_CH4_EMISSIONS,TIER_3_N2O_EMISSIONS,TIER_3_CH4_EMISSIONS_CO2E,TIER_3_N2O_EMISSIONS_CO2E,PCT_HEAT_INPUT_COMBUSTED,PCT_HEAT_INPUT_COMBUSTED_IND,PCT_HEAT_INPUT_COMBUSTED_SUB
0,,1003280,2016,PACKAGING CORP. OF AMERICA,6063,Natural Gas (Weighted U.S. Average),,Tier 1 (Equation C-1),2016-01-01-00:0,2016-12-31-00:0,30668.5,1.56,0,39,0,,,,,,,,,,,,,,,,,,,,,,,,,,1.0,,
1,,1003280,2016,PACKAGING CORP. OF AMERICA,7040,Natural Gas (Weighted U.S. Average),,,,,,,,,,Tier 2 (Equation C-2,2016-01-01-00:0,2016-12-31-00:0,Quarterly,,9742.7,.18,.018,4.6,5.5,,,,,,,,,,,,,,,,,,
2,,1006367,2016,PACKAGING CORPORATION OF AMERICA,EUCOPELAND,Natural Gas (Weighted U.S. Average),,,,,,,,,,Tier 2 (Equation C-2,2016-01-01-00:0,2016-12-31-00:0,Other (specify),At least semiannually,3718.2,.07,.007,1.8,2.1,,,,,,,,,,,,,,,,,,
3,,1007867,2016,Packaging Corporation of America,Recovery Boiler #3,Natural Gas (Weighted U.S. Average),,,,,,,,,,Tier 2 (Equation C-2,2016-01-01-00:0,2016-12-31-00:0,Daily,,4131.3,.08,.008,1.9,2.3,,,,,,,,,,,,,,,,,,
4,,1007867,2016,Packaging Corporation of America,Recovery Boiler #2,Natural Gas (Weighted U.S. Average),,,,,,,,,,Tier 2 (Equation C-2,2016-01-01-00:0,2016-12-31-00:0,Daily,,5184.7,.1,.01,2.4,2.9,,,,,,,,,,,,,,,,,,
5,,1007867,2016,Packaging Corporation of America,Recovery Boiler #2,Distillate Fuel Oil No. 2,,,,,,,,,,Tier 2 (Equation C-2,2016-01-01-00:0,2016-12-31-00:0,Daily,,1052.2,.04,.009,1.1,2.5,,,,,,,,,,,,,,,,,,
6,,1007867,2016,Packaging Corporation of America,Recovery Boiler #1,Natural Gas (Weighted U.S. Average),,,,,,,,,,Tier 2 (Equation C-2,2016-01-01-00:0,2016-12-31-00:0,Daily,,1688.6,.03,.003,.8,.9,,,,,,,,,,,,,,,,,,
7,,1007867,2016,Packaging Corporation of America,Recovery Boiler #1,Distillate Fuel Oil No. 2,,Tier 1 (Equation C-1),2016-01-01-00:0,2016-12-31-00:0,1379.4,.06,.011,1.4,3.3,,,,,,,,,,,,,,,,,,,,,,,,,,,,
8,,1007867,2016,Packaging Corporation of America,Lime Kiln #1,Natural Gas (Weighted U.S. Average),,,,,,,,,,Tier 2 (Equation C-2,2016-01-01-00:0,2016-12-31-00:0,Daily,,23787,.45,.045,11.2,13.4,,,,,,,,,,,,,,,,1.0,,
9,,1007867,2016,Packaging Corporation of America,Lime Kiln #2,Natural Gas (Weighted U.S. Average),,,,,,,,,,Tier 2 (Equation C-2,2016-01-01-00:0,2016-12-31-00:0,Daily,,33531.9,.63,.063,15.8,18.8,,,,,,,,,,,,,,,,1.0,,
10,,1002113,2016,International Paper - Pine Hill Mill,RB1,Natural Gas (Weighted U.S. Average),,Tier 1 (Equation C-1),2016-01-01-00:0,2016-12-31-00:0,11169.6,.21,.021,5.3,6.3,,,,,,,,,,,,,,,,,,,,,,,,,,,,
11,,1002113,2016,International Paper - Pine Hill Mill,RB1,Residual Fuel Oil No. 6,,,,,,,,,,Tier 2 (Equation C-2,2016-01-01-00:0,2016-12-31-00:0,Once per fuel lot,,4385.5,.18,.035,4.4,10.4,,,,,,,,,,,,,,,,,,
12,,1002113,2016,International Paper - Pine Hill Mill,LK1,Natural Gas (Weighted U.S. Average),,Tier 1 (Equation C-1),2016-01-01-00:0,2016-12-31-00:0,29181.1,1.48,0,37.1,0,,,,,,,,,,,,,,,,,,,,,,,,,,0.75,,
13,,1002113,2016,International Paper - Pine Hill Mill,LK1,Petroleum Coke,,Tier 1 (Equation C-1),2016-01-01-00:0,2016-12-31-00:0,19040.9,.5,0,12.5,0,,,,,,,,,,,,,,,,,,,,,,,,,,0.25,,
14,,1007917,2016,"ALABAMA RIVER CELLULOSE, LLC",X003,Natural Gas (Weighted U.S. Average),,Tier 1 (Equation C-1),2016-01-01-00:0,2016-12-31-00:0,37012.7,1.88,0,47.1,0,,,,,,,,,,,,,,,,,,,,,,,,,,0.9895,,
15,,1000593,2016,VERSO ANDROSCOGGIN LLC,Recovery Boiler 2,Natural Gas (Weighted U.S. Average),,Tier 1 (Equation C-1),2016-01-01-00:0,2016-12-31-00:0,29719.5,.56,.056,14,16.7,,,,,,,,,,,,,,,,,,,,,,,,,,,,
16,,1000593,2016,VERSO ANDROSCOGGIN LLC,B Lime Kiln,Natural Gas (Weighted U.S. Average),,Tier 1 (Equation C-1),2016-01-01-00:0,2016-12-31-00:0,20786.9,1.06,0,26.4,0,,,,,,,,,,,,,,,,,,,,,,,,,,0.97,,
17,,1000593,2016,VERSO ANDROSCOGGIN LLC,B Lime Kiln,Used Oil,,Tier 1 (Equation C-1),2016-01-01-00:0,2016-12-31-00:0,1013.7,.04,0,.9,0,,,,,,,,,,,,,,,,,,,,,,,,,,0.03,,
18,,1000593,2016,VERSO ANDROSCOGGIN LLC,A Lime Kiln,Natural Gas (Weighted U.S. Average),,Tier 1 (Equation C-1),2016-01-01-00:0,2016-12-31-00:0,18207.2,.93,0,23.2,0,,,,,,,,,,,,,,,,,,,,,,,,,,0.97,,
19,,1000593,2016,VERSO ANDROSCOGGIN LLC,A Lime Kiln,Used Oil,,Tier 1 (Equation C-1),2016-01-01-00:0,2016-12-31-00:0,773.7,.03,0,.7,0,,,,,,,,,,,,,,,,,,,,,,,,,,0.03,,
20,,1000593,2016,VERSO ANDROSCOGGIN LLC,Recovery Boiler 1,Natural Gas (Weighted U.S. Average),,Tier 1 (Equation C-1),2016-01-01-00:0,2016-12-31-00:0,40948.8,.77,.077,19.3,23,,,,,,,,,,,,,,,,,,,,,,,,,,,,
21,,1000602,2016,"GRAPHIC PACKAGING INTERNATIONAL LLC, West Monroe Mill Plant 31",No. 5 Recovery Boiler (L03007/L03008),Natural Gas (Weighted U.S. Average),,Tier 1 (Equation C-1),2016-01-01-00:0,2016-12-31-00:0,5057.6,.1,.01,2.4,2.8,,,,,,,,,,,,,,,,,,,,,,,,,,,,
22,,1000602,2016,"GRAPHIC PACKAGING INTERNATIONAL LLC, West Monroe Mill Plant 31",No. 1 Lime Kiln (L04002),Natural Gas (Weighted U.S. Average),,Tier 1 (Equation C-1),2016-01-01-00:0,2016-12-31-00:0,22039.2,1.12,0,28,0,,,,,,,,,,,,,,,,,,,,,,,,,,1.0,,
23,,1000602,2016,"GRAPHIC PACKAGING INTERNATIONAL LLC, West Monroe Mill Plant 31",No. 2 Lime Kiln (L04003),Natural Gas (Weighted U.S. Average),,Tier 1 (Equation C-1),2016-01-01-00:0,2016-12-31-00:0,21467.9,1.09,0,27.3,0,,,,,,,,,,,,,,,,,,,,,,,,,,1.0,,
24,,1000602,2016,"GRAPHIC PACKAGING INTERNATIONAL LLC, West Monroe Mill Plant 31",No. 4 Recovery Boiler (L03004/L03005),Natural Gas (Weighted U.S. Average),,Tier 1 (Equation C-1),2016-01-01-00:0,2016-12-31-00:0,3273.2,.06,.006,1.5,1.8,,,,,,,,,,,,,,,,,,,,,,,,,,,,
25,,1002963,2016,BOISE WHITE PAPER MILL,Z011,Distillate Fuel Oil No. 2,,Tier 1 (Equation C-1),2016-01-01-00:0,2016-12-31-00:0,718.5,.03,.006,.7,1.7,,,,,,,,,,,,,,,,,,,,,,,,,,,,
26,,1002963,2016,BOISE WHITE PAPER MILL,Z003,Natural Gas (Weighted U.S. Average),,Tier 1 (Equation C-1),2016-01-01-00:0,2016-12-31-00:0,27069.8,1.38,0,34.4,0,,,,,,,,,,,,,,,,,,,,,,,,,,1.0,,
27,,1006256,2016,PACKAGING CORPORATION OF AMERICA,Lime Kiln 69-04,Natural Gas (Weighted U.S. Average),,Tier 1 (Equation C-1),2016-01-01-00:0,2016-12-31-00:0,24056.6,,,,,,,,,,,,,,,,,,,,,,,,,,,,,,0.75,,
28,,1006256,2016,PACKAGING CORPORATION OF AMERICA,Lime Kiln 69-04,Petroleum Coke,,Tier 1 (Equation C-1),2016-01-01-00:0,2016-12-31-00:0,15586.4,.41,0,10.3,0,,,,,,,,,,,,,,,,,,,,,,,,,,0.25,,
29,,1006256,2016,PACKAGING CORPORATION OF AMERICA,Recovery Boiler 69-01,Natural Gas (Weighted U.S. Average),,Tier 1 (Equation C-1),2016-01-01-00:0,2016-12-31-00:0,2015.8,.04,.004,.9,1.1,,,,,,,,,,,,,,,,,,,,,,,,,,,,
30,,1007994,2016,BOISE WHITE PAPER LLC,Recovery Furnace EU 320,Natural Gas (Weighted U.S. Average),,,,,,,,,,Tier 2 (Equation C-2,2016-01-01-00:0,2016-12-31-00:0,Daily,,1587.4,.03,.003,.7,.9,,,,,,,,,,,,,,,,,,
31,,1007994,2016,BOISE WHITE PAPER LLC,Lime Kiln EU 340,Natural Gas (Weighted U.S. Average),,,,,,,,,,Tier 2 (Equation C-2,2016-01-01-00:0,2016-12-31-00:0,Daily,,26203.7,1.33,0,33.3,0,,,,,,,,,,,,,,,,0.0426,,
32,,1001237,2016,Verso Luke LLC,Recovery Boiler #2,Distillate Fuel Oil No. 4,,Tier 1 (Equation C-1),2016-01-01-00:0,2016-12-31-00:0,0,0,0,0,0,,,,,,,,,,,,,,,,,,,,,,,,,,,,
33,,1001237,2016,Verso Luke LLC,Recovery Boiler #3,Distillate Fuel Oil No. 4,,Tier 1 (Equation C-1),2016-01-01-00:0,2016-12-31-00:0,9062.2,.36,.072,9.1,21.6,,,,,,,,,,,,,,,,,,,,,,,,,,,,
34,,1001237,2016,Verso Luke LLC,Lime Kiln,Natural Gas (Weighted U.S. Average),,Tier 1 (Equation C-1),2016-01-01-00:0,2016-12-31-00:0,36975.3,1.88,0,47,0,,,,,,,,,,,,,,,,,,,,,,,,,,1.00,,
35,,1000166,2016,KapStone Paper and Packaging Corp,09-PU-004,Natural Gas (Weighted U.S. Average),,,,,,,,,,Tier 2 (Equation C-2,2016-01-01-00:0,2016-12-31-00:0,Daily,,27248.2,1.39,0,34.7,0,,,,,,,,,,,,,,,,1.00,,
36,,1000166,2016,KapStone Paper and Packaging Corp,09-PU-004,Residual Fuel Oil No. 6,,Tier 1 (Equation C-1),2016-01-01-00:0,2016-12-31-00:0,0,0,0,0,0,,,,,,,,,,,,,,,,,,,,,,,,,,0,,
37,,1000166,2016,KapStone Paper and Packaging Corp,08-PU-012,Residual Fuel Oil No. 6,,Tier 1 (Equation C-1),2016-01-01-00:0,2016-12-31-00:0,1036.3,.04,.008,1,2.5,,,,,,,,,,,,,,,,,,,,,,,,,,,,
38,,1000183,2016,Pixelle Specialty Solutions LLC,B011,Distillate Fuel Oil No. 2,,Tier 1 (Equation C-1),2016-01-01-00:0,2016-12-31-00:0,6435,.26,.052,6.5,15.6,,,,,,,,,,,,,,,,,,,,,,,,,,,,
39,,1000183,2016,Pixelle Specialty Solutions LLC,P001,Natural Gas (Weighted U.S. Average),,Tier 1 (Equation C-1),2016-01-01-00:0,2016-12-31-00:0,26085.3,1.33,0,33.2,0,,,,,,,,,,,,,,,,,,,,,,,,,,0.98,,
40,,1000229,2016,Domtar Paper Company LLC - Plymouth,No. 5 Recovery Furnace,Distillate Fuel Oil No. 2,,,,,,,,,,Tier 2 (Equation C-2,2016-01-01-00:0,2016-12-31-00:0,Monthly,,6738.5,.27,.055,6.8,16.3,,,,,,,,,,,,,,,,,,
41,,1000229,2016,Domtar Paper Company LLC - Plymouth,Lime Kiln,Natural Gas (Weighted U.S. Average),,,,,,,,,,Tier 2 (Equation C-2,2016-01-01-00:0,2016-12-31-00:0,Monthly,,48703.9,2.48,0,62,0,,,,,,,,,,,,,,,,1,,
42,,1000229,2016,Domtar Paper Company LLC - Plymouth,Lime Kiln,Distillate Fuel Oil No. 2,,,,,,,,,,Tier 2 (Equation C-2,2016-01-01-00:0,2016-12-31-00:0,Monthly,,0,0,0,0,0,,,,,,,,,,,,,,,,0,,
43,,1000230,2016,Blue Ridge Paper Products LLC,Recovery Furnace No.10,Residual Fuel Oil No. 6,,Tier 1 (Equation C-1),2016-01-01-00:0,2016-12-31-00:0,3429.2,.14,.027,3.4,8.2,,,,,,,,,,,,,,,,,,,,,,,,,,,,
44,,1000230,2016,Blue Ridge Paper Products LLC,Recovery Furnace No.10,Propane,,Tier 1 (Equation C-1),2016-01-01-00:0,2016-12-31-00:0,1.5,0,0,0,0,,,,,,,,,,,,,,,,,,,,,,,,,,,,
45,,1000230,2016,Blue Ridge Paper Products LLC,Recovery Furnace No.11,Residual Fuel Oil No. 6,,Tier 1 (Equation C-1),2016-01-01-00:0,2016-12-31-00:0,3467.8,.14,.028,3.5,8.3,,,,,,,,,,,,,,,,,,,,,,,,,,,,
46,,1000230,2016,Blue Ridge Paper Products LLC,Recovery Furnace No.11,Propane,,Tier 1 (Equation C-1),2016-01-01-00:0,2016-12-31-00:0,36.9,0,0,0,.1,,,,,,,,,,,,,,,,,,,,,,,,,,,,
47,,1000230,2016,Blue Ridge Paper Products LLC,Lime Kiln No.4,Natural Gas (Weighted U.S. Average),,Tier 1 (Equation C-1),2016-01-01-00:0,2016-12-31-00:0,13510.5,.25,.025,6.4,7.6,,,,,,,,,,,,,,,,,,,,,,,,,,0.8062,,
48,,1000230,2016,Blue Ridge Paper Products LLC,Lime Kiln No.4,Residual Fuel Oil No. 6,,Tier 1 (Equation C-1),2016-01-01-00:0,2016-12-31-00:0,4560.3,.18,.036,4.6,10.9,,,,,,,,,,,,,,,,,,,,,,,,,,0.1923,,
49,,1000230,2016,Blue Ridge Paper Products LLC,Lime Kiln No.4,Propane,,Tier 1 (Equation C-1),2016-01-01-00:0,2016-12-31-00:0,30.5,0,0,0,0,,,,,,,,,,,,,,,,,,,,,,,,,,0.0015,,
50,,1000230,2016,Blue Ridge Paper Products LLC,Lime Kiln No.5,Natural Gas (Weighted U.S. Average),,Tier 1 (Equation C-1),2016-01-01-00:0,2016-12-31-00:0,20763.1,.39,.039,9.8,11.7,,,,,,,,,,,,,,,,,,,,,,,,,,0.8336,,
51,,1000230,2016,Blue Ridge Paper Products LLC,Lime Kiln No.5,Residual Fuel Oil No. 6,,Tier 1 (Equation C-1),2016-01-01-00:0,2016-12-31-00:0,5834.8,.23,.047,5.8,13.9,,,,,,,,,,,,,,,,,,,,,,,,,,0.1655,,
52,,1000230,2016,Blue Ridge Paper Products LLC,Lime Kiln No.5,Propane,,Tier 1 (Equation C-1),2016-01-01-00:0,2016-12-31-00:0,27.3,0,0,0,0,,,,,,,,,,,,,,,,,,,,,,,,,,0.0009,,
53,,1000258,2016,International Paper-Franklin Mill,Lime Kiln 4,Natural Gas (Weighted U.S. Average),,Tier 1 (Equation C-1),2016-01-01-00:0,2016-12-31-00:0,31760.1,1.62,0,40.4,0,,,,,,,,,,,,,,,,,,,,,,,,,,1.0,,
54,,1000258,2016,International Paper-Franklin Mill,Recovery Boiler 6,Natural Gas (Weighted U.S. Average),,Tier 1 (Equation C-1),2016-01-01-00:0,2016-12-31-00:0,35495.7,.67,.067,16.7,19.9,,,,,,,,,,,,,,,,,,,,,,,,,,,,
55,,1000262,2016,"WestRock Coated Board, LLC",No 1. Recovery Furnace,Natural Gas (Weighted U.S. Average),,Tier 1 (Equation C-1),2016-01-01-00:0,2016-12-31-00:0,2148.3,.04,.004,1,1.2,,,,,,,,,,,,,,,,,,,,,,,,,,,,
56,,1000262,2016,"WestRock Coated Board, LLC",No. 2 Recovery Furnace,Natural Gas (Weighted U.S. Average),,Tier 1 (Equation C-1),2016-01-01-00:0,2016-12-31-00:0,1312.2,.02,.002,.6,.7,,,,,,,,,,,,,,,,,,,,,,,,,,,,
57,,1000262,2016,"WestRock Coated Board, LLC",No. 1 Lime Kiln,Natural Gas (Weighted U.S. Average),,Tier 1 (Equation C-1),2016-01-01-00:0,2016-12-31-00:0,36626.8,1.86,0,46.6,0,,,,,,,,,,,,,,,,,,,,,,,,,,0.994819489,,
58,,1000262,2016,"WestRock Coated Board, LLC",No. 1 Lime Kiln,Distillate Fuel Oil No. 2,,Tier 1 (Equation C-1),2016-01-01-00:0,2016-12-31-00:0,265.9,.01,0,.2,0,,,,,,,,,,,,,,,,,,,,,,,,,,0.005180511,,
59,,1000262,2016,"WestRock Coated Board, LLC",No. 2 Lime Kiln,Natural Gas (Weighted U.S. Average),,Tier 1 (Equation C-1),2016-01-01-00:0,2016-12-31-00:0,32718.8,1.66,0,41.6,0,,,,,,,,,,,,,,,,,,,,,,,,,,0.998080581,,
60,,1000262,2016,"WestRock Coated Board, LLC",No. 2 Lime Kiln,Distillate Fuel Oil No. 2,,Tier 1 (Equation C-1),2016-01-01-00:0,2016-12-31-00:0,87.7,0,0,.1,0,,,,,,,,,,,,,,,,,,,,,,,,,,0.001919419,,
61,,1000273,2016,"GP Big Island, LLC",REC 13,Natural Gas (Weighted U.S. Average),,,,,,,,,,Tier 2 (Equation C-2,2016-01-01-00:0,2016-12-31-00:0,Monthly,,3284.4,.06,.006,1.5,1.8,,,,,,,,,,,,,,,,,,
62,,1000305,2016,Resolute Forest Product - Coosa Pines Operation,Z003,Natural Gas (Weighted U.S. Average),,Tier 1 (Equation C-1),2016-01-01-00:0,2016-12-31-00:0,10419,.2,.02,4.9,5.9,,,,,,,,,,,,,,,,,,,,,,,,,,,,
63,,1000305,2016,Resolute Forest Product - Coosa Pines Operation,Z032,Natural Gas (Weighted U.S. Average),,Tier 1 (Equation C-1),2016-01-01-00:0,2016-12-31-00:0,25804.4,1.31,0,32.8,0,,,,,,,,,,,,,,,,,,,,,,,,,,1,,
64,,1006262,2016,International Paper-Eastover Mill,No.2 Lime Kiln,Natural Gas (Weighted U.S. Average),,,,,,,,,,Tier 2 (Equation C-2,2016-01-01-00:0,2016-12-31-00:0,Monthly,,35852.1,1.82,0,45.6,0,,,,,,,,,,,,,,,,0.84,,
65,,1006262,2016,International Paper-Eastover Mill,No.2 Lime Kiln,Residual Fuel Oil No. 6,,,,,,,,,,Tier 2 (Equation C-2,2016-01-01-00:0,2016-12-31-00:0,Monthly,,9355.2,.34,0,8.4,0,,,,,,,,,,,,,,,,0.16,,
66,,1006262,2016,International Paper-Eastover Mill,No.2 Recovery Furnace,Distillate Fuel Oil No. 2,,,,,,,,,,Tier 2 (Equation C-2,2016-01-01-00:0,2016-12-31-00:0,Monthly,,582.1,.02,.005,.6,1.4,,,,,,,,,,,,,,,,,,
67,,1006262,2016,International Paper-Eastover Mill,No.2 Recovery Furnace,Used Oil,,,,,,,,,,Tier 2 (Equation C-2,2016-01-01-00:0,2016-12-31-00:0,Monthly,,3708.1,.15,.03,3.8,9,,,,,,,,,,,,,,,,,,
68,,1006262,2016,International Paper-Eastover Mill,No.1 Recovery Furnace,Used Oil,,,,,,,,,,Tier 2 (Equation C-2,2016-01-01-00:0,2016-12-31-00:0,Monthly,,4236.5,.17,.034,4.3,10.2,,,,,,,,,,,,,,,,,,
69,,1006262,2016,International Paper-Eastover Mill,No.1 Lime Kiln,Natural Gas (Weighted U.S. Average),,,,,,,,,,Tier 2 (Equation C-2,2016-01-01-00:0,2016-12-31-00:0,Monthly,,18620.9,.95,0,23.7,0,,,,,,,,,,,,,,,,0.6886,,
70,,1006262,2016,International Paper-Eastover Mill,No.1 Lime Kiln,Distillate Fuel Oil No. 2,,,,,,,,,,Tier 2 (Equation C-2,2016-01-01-00:0,2016-12-31-00:0,Monthly,,7.8,0,0,0,0,,,,,,,,,,,,,,,,0.0002,,
71,,1006262,2016,International Paper-Eastover Mill,No.1 Lime Kiln,Residual Fuel Oil No. 6,,,,,,,,,,Tier 2 (Equation C-2,2016-01-01-00:0,2016-12-31-00:0,Monthly,,11911.5,.43,0,10.7,0,,,,,,,,,,,,,,,,0.3112,,
72,,1006788,2016,International Paper-Riverdale Mill,LK3,Natural Gas (Weighted U.S. Average),,,,,,,,,,Tier 2 (Equation C-2,2016-01-01-00:0,2016-12-31-00:0,Monthly,,36111.7,1.84,0,45.9,0,,,,,,,,,,,,,,,,1,,
73,,1006788,2016,International Paper-Riverdale Mill,RB1,Natural Gas (Weighted U.S. Average),,,,,,,,,,Tier 2 (Equation C-2,2016-01-01-00:0,2016-12-31-00:0,Monthly,,1967,.04,.004,.9,1.1,,,,,,,,,,,,,,,,,,
74,,1006788,2016,International Paper-Riverdale Mill,RB2,Natural Gas (Weighted U.S. Average),,,,,,,,,,Tier 2 (Equation C-2,2016-01-01-00:0,2016-12-31-00:0,Monthly,,7704.9,.15,.015,3.6,4.3,,,,,,,,,,,,,,,,,,
75,,1000319,2016,"WestRock CP, LLC - Florence Mill",RF1,Residual Fuel Oil No. 6,,Tier 1 (Equation C-1),2016-01-01-00:0,2016-12-31-00:0,2645.1,.11,.021,2.6,6.3,,,,,,,,,,,,,,,,,,,,,,,,,,,,
76,,1000319,2016,"WestRock CP, LLC - Florence Mill",LK1,Natural Gas (Weighted U.S. Average),,Tier 1 (Equation C-1),2016-01-01-00:0,2016-12-31-00:0,26514.4,1.35,0,33.7,0,,,,,,,,,,,,,,,,,,,,,,,,,,1,,
77,,1000319,2016,"WestRock CP, LLC - Florence Mill",LK2,Natural Gas (Weighted U.S. Average),,Tier 1 (Equation C-1),2016-01-01-00:0,2016-12-31-00:0,31052.7,1.58,0,39.5,0,,,,,,,,,,,,,,,,,,,,,,,,,,1,,
78,,1000324,2016,Marlboro Paper Mill,Lime Kiln,Natural Gas (Weighted U.S. Average),,,,,,,,,,Tier 2 (Equation C-2,2016-01-01-00:0,2016-12-31-00:0,Hourly,,27822,1.42,0,35.4,0,,,,,,,,,,,,,,,,0.8593,,
79,,1000324,2016,Marlboro Paper Mill,Lime Kiln,Petroleum Coke,,,,,,,,,,Tier 2 (Equation C-2,2016-01-01-00:0,2016-12-31-00:0,Once per fuel lot,,8792.5,.23,0,5.8,0,,,,,,,,,,,,,,,,0.14069,,
80,,1000324,2016,Marlboro Paper Mill,Recovery Boiler,Natural Gas (Weighted U.S. Average),,,,,,,,,,Tier 2 (Equation C-2,2016-01-01-00:0,2016-12-31-00:0,Hourly,,387.6,.01,.001,.2,.2,,,,,,,,,,,,,,,,,,
81,,1001807,2016,"RAYONIER PERFORMANCE FIBERS LLC, JESUP MILL",No. 6 Recovery Furnace,Residual Fuel Oil No. 6,,Tier 1 (Equation C-1),2016-01-01-00:0,2016-12-31-00:0,12744.5,.51,.102,12.7,30.3,,,,,,,,,,,,,,,,,,,,,,,,,,,,
82,,1001807,2016,"RAYONIER PERFORMANCE FIBERS LLC, JESUP MILL",D Lime Kiln,Natural Gas (Weighted U.S. Average),,,,,,,,,,Tier 2 (Equation C-2,2016-01-01-00:0,2016-12-31-00:0,Daily,,70079.7,3.57,0,89.2,0,,,,,,,,,,,,,,,,0.9233,,
83,,1001807,2016,"RAYONIER PERFORMANCE FIBERS LLC, JESUP MILL",D Lime Kiln,Residual Fuel Oil No. 6,,Tier 1 (Equation C-1),2016-01-01-00:0,2016-12-31-00:0,8072.2,.29,0,7.3,0,,,,,,,,,,,,,,,,,,,,,,,,,,0.0767,,
84,,1001807,2016,"RAYONIER PERFORMANCE FIBERS LLC, JESUP MILL",No. 5 Recovery Furnace,Residual Fuel Oil No. 6,,Tier 1 (Equation C-1),2016-01-01-00:0,2016-12-31-00:0,3304.7,.13,.026,3.3,7.9,,,,,,,,,,,,,,,,,,,,,,,,,,,,
85,,1002305,2016,"WESTROCK TEXAS, L.P.",No. 7 Lime Kiln,Natural Gas (Weighted U.S. Average),,Tier 1 (Equation C-1),2016-01-01-00:0,2016-12-31-00:0,48564.6,2.47,0,61.8,0,,,,,,,,,,,,,,,,,,,,,,,,,,0.7525,,
86,,1002305,2016,"WESTROCK TEXAS, L.P.",No. 1 Lime Kiln,Natural Gas (Weighted U.S. Average),,Tier 1 (Equation C-1),2016-01-01-00:0,2016-12-31-00:0,18888.9,.96,0,24,0,,,,,,,,,,,,,,,,,,,,,,,,,,0.63,,
87,,1002305,2016,"WESTROCK TEXAS, L.P.",No. 3 Recovery Boiler,Natural Gas (Weighted U.S. Average),,Tier 1 (Equation C-1),2016-01-01-00:0,2016-12-31-00:0,4263.2,.08,.008,2,2.4,,,,,,,,,,,,,,,,,,,,,,,,,,,,
88,,1002305,2016,"WESTROCK TEXAS, L.P.",No. 4 Recovery Boiler,Natural Gas (Weighted U.S. Average),,Tier 1 (Equation C-1),2016-01-01-00:0,2016-12-31-00:0,3807.4,.07,.007,1.8,2.1,,,,,,,,,,,,,,,,,,,,,,,,,,,,
89,,1007273,2016,Ahlstrom - Munksjo - Mosinee Plant,#14 Recovery Boiler (B21),Natural Gas (Weighted U.S. Average),,Tier 1 (Equation C-1),2016-01-01-00:0,2016-12-31-00:0,5666.4,.11,.011,2.7,3.2,,,,,,,,,,,,,,,,,,,,,,,,,,,,
90,,1007273,2016,Ahlstrom - Munksjo - Mosinee Plant,#14 Recovery Boiler (B21),Residual Fuel Oil No. 6,,Tier 1 (Equation C-1),2016-01-01-00:0,2016-12-31-00:0,1332.8,.05,.011,1.3,3.2,,,,,,,,,,,,,,,,,,,,,,,,,,,,
91,,1007273,2016,Ahlstrom - Munksjo - Mosinee Plant,Lime Kiln (P36),Natural Gas (Weighted U.S. Average),,Tier 1 (Equation C-1),2016-01-01-00:0,2016-12-31-00:0,10891.7,.55,0,13.9,0,,,,,,,,,,,,,,,,,,,,,,,,,,1,,
92,,1006803,2016,INTERNATIONAL PAPER SAVANNA MILL,RF15,Natural Gas (Weighted U.S. Average),,,,,,,,,,Tier 2 (Equation C-2,2016-01-01-00:0,2016-12-31-00:0,Monthly,,24366.8,.46,.046,11.5,13.7,,,,,,,,,,,,,,,,,,
93,,1006803,2016,INTERNATIONAL PAPER SAVANNA MILL,LK07,Natural Gas (Weighted U.S. Average),,,,,,,,,,Tier 2 (Equation C-2,2016-01-01-00:0,2016-12-31-00:0,Monthly,,59010.6,3,0,75.1,0,,,,,,,,,,,,,,,,1,,
94,,1000196,2016,International Paper - Pensacola Mill,No. 2 Recovery Boiler,Natural Gas (Weighted U.S. Average),,,,,,,,,,Tier 2 (Equation C-2,2016-01-01-00:0,2016-12-31-00:0,Monthly,,6444.6,.12,.012,3,3.6,,,,,,,,,,,,,,,,,,
95,,1000196,2016,International Paper - Pensacola Mill,#1 Recovery Boiler,Natural Gas (Weighted U.S. Average),,,,,,,,,,Tier 2 (Equation C-2,2016-01-01-00:0,2016-12-31-00:0,Monthly,,2334.4,.04,.004,1.1,1.3,,,,,,,,,,,,,,,,,,
96,,1000196,2016,International Paper - Pensacola Mill,Lime Kiln,Natural Gas (Weighted U.S. Average),,,,,,,,,,Tier 2 (Equation C-2,2016-01-01-00:0,2016-12-31-00:0,Monthly,,62871.5,1.18,.118,29.6,35.3,,,,,,,,,,,,,,,,1,,
97,,1001889,2016,WOODLAND PULP LLC,Unit 02,Natural Gas (Weighted U.S. Average),,"Tier 1 (Equation C-1b, natural gas billing in mmBtu)",2016-01-01-00:0,2016-12-31-00:0,11814.2,.22,.022,5.6,6.6,,,,,,,,,,,,,,,,,,,,,,,,,,,,
98,,1001889,2016,WOODLAND PULP LLC,Unit 15,Natural Gas (Weighted U.S. Average),,"Tier 1 (Equation C-1b, natural gas billing in mmBtu)",2016-01-01-00:0,2016-12-31-00:0,32985.8,1.68,0,42,0,,,,,,,,,,,,,,,,,,,,,,,,,,0.99,,
99,,1001889,2016,WOODLAND PULP LLC,Unit 15,Used Oil,,,,,,,,,,,,,,,,,,,,Tier 3 (Equation C-4,2016-01-01-00:0,2016-12-31-00:0,Once per fuel lot,0,1,,,,,2582.2,.08,0,2,0,0.99,,
100,,1002339,2016,THILMANY MILL,Kraft Lime Kiln/P12,Natural Gas (Weighted U.S. Average),,Tier 1 (Equation C-1),2016-01-01-00:0,2016-12-31-00:0,12729.5,.24,.024,6,7.1,,,,,,,,,,,,,,,,,,,,,,,,,,0.999,,
101,,1002339,2016,THILMANY MILL,8 Kraft Recovery Furnace/B08,Natural Gas (Weighted U.S. Average),,Tier 1 (Equation C-1),2016-01-01-00:0,2016-12-31-00:0,2043.3,.04,.004,1,1.1,,,,,,,,,,,,,,,,,,,,,,,,,,,,
102,,1002339,2016,THILMANY MILL,8 Kraft Recovery Furnace/B08,Residual Fuel Oil No. 6,,Tier 1 (Equation C-1),2016-01-01-00:0,2016-12-31-00:0,46.2,0,0,0,.1,,,,,,,,,,,,,,,,,,,,,,,,,,,,
103,,1002339,2016,THILMANY MILL,10 Kraft Recovery Furnace/B10,Natural Gas (Weighted U.S. Average),,Tier 1 (Equation C-1),2016-01-01-00:0,2016-12-31-00:0,2022,.04,.004,1,1.1,,,,,,,,,,,,,,,,,,,,,,,,,,,,
104,,1001892,2016,"Verso Quinnesec, LLC",Lime Kiln,Natural Gas (Weighted U.S. Average),,Tier 1 (Equation C-1),2016-01-01-00:0,2016-12-31-00:0,45138.7,2.3,0,57.4,0,,,,,,,,,,,,,,,,,,,,,,,,,,1,,
105,,1001892,2016,"Verso Quinnesec, LLC",Recovery Boiler,Natural Gas (Weighted U.S. Average),,Tier 1 (Equation C-1),2016-01-01-00:0,2016-12-31-00:0,1903.6,.04,.004,.9,1.1,,,,,,,,,,,,,,,,,,,,,,,,,,,,
106,,1006454,2016,"LONGVIEW FIBRE PAPER AND PACKAGING, INC",No. 18 Recovery Furnace / 1246-10,Natural Gas (Weighted U.S. Average),,"Tier 1 (Equation C-1a, natural gas billing in therms)",2016-01-01-00:0,2016-12-31-00:0,0,0,0,0,0,,,,,,,,,,,,,,,,,,,,,,,,,,,,
107,,1006454,2016,"LONGVIEW FIBRE PAPER AND PACKAGING, INC",No. 19 Recovery Furnace / 1261-10,Natural Gas (Weighted U.S. Average),,"Tier 1 (Equation C-1a, natural gas billing in therms)",2016-01-01-00:0,2016-12-31-00:0,1355,.03,.003,.6,.8,,,,,,,,,,,,,,,,,,,,,,,,,,,,
108,,1006454,2016,"LONGVIEW FIBRE PAPER AND PACKAGING, INC",No. 22 Recovery Furnace / 8201-10,Natural Gas (Weighted U.S. Average),,"Tier 1 (Equation C-1a, natural gas billing in therms)",2016-01-01-00:0,2016-12-31-00:0,10900.8,.21,.021,5.1,6.1,,,,,,,,,,,,,,,,,,,,,,,,,,,,
109,,1006454,2016,"LONGVIEW FIBRE PAPER AND PACKAGING, INC",No. 3 Lime Kiln / 1431-00,Natural Gas (Weighted U.S. Average),,"Tier 1 (Equation C-1a, natural gas billing in therms)",2016-01-01-00:0,2016-12-31-00:0,1084.7,.06,0,1.4,0,,,,,,,,,,,,,,,,,,,,,,,,,,1.00,,
110,,1006454,2016,"LONGVIEW FIBRE PAPER AND PACKAGING, INC",No. 4 Lime Kiln / 1450-00,Natural Gas (Weighted U.S. Average),,"Tier 1 (Equation C-1a, natural gas billing in therms)",2016-01-01-00:0,2016-12-31-00:0,19804.1,1.01,0,25.2,0,,,,,,,,,,,,,,,,,,,,,,,,,,1.0,,
111,,1006454,2016,"LONGVIEW FIBRE PAPER AND PACKAGING, INC",No. 5 Lime Kiln / 1567-00,Natural Gas (Weighted U.S. Average),,"Tier 1 (Equation C-1a, natural gas billing in therms)",2016-01-01-00:0,2016-12-31-00:0,33954.7,1.73,0,43.2,0,,,,,,,,,,,,,,,,,,,,,,,,,,1.0,,
112,,1000434,2016,International Paper - Vicksburg Mill,RB1 (AA005),Natural Gas (Weighted U.S. Average),,,,,,,,,,Tier 2 (Equation C-2,2016-01-01-00:0,2016-12-31-00:0,Monthly,,4848.2,.09,.009,2.3,2.7,,,,,,,,,,,,,,,,,,
113,,1000434,2016,International Paper - Vicksburg Mill,LK1 (AA003),Natural Gas (Weighted U.S. Average),,,,,,,,,,Tier 2 (Equation C-2,2016-01-01-00:0,2016-12-31-00:0,Monthly,,19481.5,.99,0,24.8,0,,,,,,,,,,,,,,,,1,,
114,,1007912,2016,International Paper - Georgetown Mill,No. 2 Lime Kiln,Natural Gas (Weighted U.S. Average),,,,,,,,,,Tier 2 (Equation C-2,2016-01-01-00:0,2016-12-31-00:0,Monthly,,33004.4,1.68,0,42,0,,,,,,,,,,,,,,,,1,,
115,,1007912,2016,International Paper - Georgetown Mill,No. 2 Lime Kiln,Residual Fuel Oil No. 6,,Tier 1 (Equation C-1),2016-01-01-00:0,2016-12-31-00:0,0,0,0,0,0,,,,,,,,,,,,,,,,,,,,,,,,,,0,,
116,,1007912,2016,International Paper - Georgetown Mill,No. 1 Lime Kiln,Natural Gas (Weighted U.S. Average),,,,,,,,,,Tier 2 (Equation C-2,2016-01-01-00:0,2016-12-31-00:0,Monthly,,34287.4,1.74,0,43.6,0,,,,,,,,,,,,,,,,1,,
117,,1007912,2016,International Paper - Georgetown Mill,No. 1 Lime Kiln,Residual Fuel Oil No. 6,,Tier 1 (Equation C-1),2016-01-01-00:0,2016-12-31-00:0,0,0,0,0,0,,,,,,,,,,,,,,,,,,,,,,,,,,0,,
118,,1007912,2016,International Paper - Georgetown Mill,No. 1 Recovery Boiler,Natural Gas (Weighted U.S. Average),,,,,,,,,,Tier 2 (Equation C-2,2016-01-01-00:0,2016-12-31-00:0,Monthly,,98.7,0,0,0,.1,,,,,,,,,,,,,,,,,,
119,,1007912,2016,International Paper - Georgetown Mill,No. 1 Recovery Boiler,Residual Fuel Oil No. 6,,Tier 1 (Equation C-1),2016-01-01-00:0,2016-12-31-00:0,3663.2,.15,.029,3.7,8.7,,,,,,,,,,,,,,,,,,,,,,,,,,,,
120,,1007912,2016,International Paper - Georgetown Mill,No. 2 Recovery Boiler,Natural Gas (Weighted U.S. Average),,,,,,,,,,Tier 2 (Equation C-2,2016-01-01-00:0,2016-12-31-00:0,Monthly,,86.1,0,0,0,0,,,,,,,,,,,,,,,,,,
121,,1007912,2016,International Paper - Georgetown Mill,No. 2 Recovery Boiler,Residual Fuel Oil No. 6,,Tier 1 (Equation C-1),2016-01-01-00:0,2016-12-31-00:0,3896.9,.16,.031,3.9,9.3,,,,,,,,,,,,,,,,,,,,,,,,,,,,
122,,1002272,2016,"WestRock CP, LLC - Fernandina Beach Mill (Formerly Smurfit-Stone)",RB4,Distillate Fuel Oil No. 2,,Tier 1 (Equation C-1),2016-01-01-00:0,2016-12-31-00:0,2248.5,.09,.018,2.3,5.4,,,,,,,,,,,,,,,,,,,,,,,,,,,,
123,,1002272,2016,"WestRock CP, LLC - Fernandina Beach Mill (Formerly Smurfit-Stone)",RB4,Residual Fuel Oil No. 6,,Tier 1 (Equation C-1),2016-01-01-00:0,2016-12-31-00:0,5745,.23,.046,5.7,13.7,,,,,,,,,,,,,,,,,,,,,,,,,,,,
124,,1007917,2016,"ALABAMA RIVER CELLULOSE, LLC",X003,Distillate Fuel Oil No. 2,,Tier 1 (Equation C-1),2016-01-01-00:0,2016-12-31-00:0,548.2,.02,0,.5,0,,,,,,,,,,,,,,,,,,,,,,,,,,0.0105,,
125,,1007917,2016,"ALABAMA RIVER CELLULOSE, LLC",X001,Natural Gas (Weighted U.S. Average),,Tier 1 (Equation C-1),2016-01-01-00:0,2016-12-31-00:0,18073.6,.34,.034,8.5,10.2,,,,,,,,,,,,,,,,,,,,,,,,,,,,
126,,1007917,2016,"ALABAMA RIVER CELLULOSE, LLC",X001,Distillate Fuel Oil No. 2,,Tier 1 (Equation C-1),2016-01-01-00:0,2016-12-31-00:0,4599.4,.19,.037,4.7,11.1,,,,,,,,,,,,,,,,,,,,,,,,,,,,
127,,1007917,2016,"ALABAMA RIVER CELLULOSE, LLC",X012,Natural Gas (Weighted U.S. Average),,Tier 1 (Equation C-1),2016-01-01-00:0,2016-12-31-00:0,19794.7,.37,.037,9.3,11.1,,,,,,,,,,,,,,,,,,,,,,,,,,,,
128,,1007917,2016,"ALABAMA RIVER CELLULOSE, LLC",X012,Distillate Fuel Oil No. 2,,Tier 1 (Equation C-1),2016-01-01-00:0,2016-12-31-00:0,2501.5,.1,.02,2.5,6,,,,,,,,,,,,,,,,,,,,,,,,,,,,
129,,1007917,2016,"ALABAMA RIVER CELLULOSE, LLC",X014,Natural Gas (Weighted U.S. Average),,Tier 1 (Equation C-1),2016-01-01-00:0,2016-12-31-00:0,50831.8,2.59,0,64.7,0,,,,,,,,,,,,,,,,,,,,,,,,,,0.99996,,
130,,1007917,2016,"ALABAMA RIVER CELLULOSE, LLC",X014,Distillate Fuel Oil No. 2,,Tier 1 (Equation C-1),2016-01-01-00:0,2016-12-31-00:0,2.9,0,0,0,0,,,,,,,,,,,,,,,,,,,,,,,,,,0.00004,,
131,,1002149,2016,International Paper - Springfield Mill,"Lime Kilns, Combined, EU 455",Natural Gas (Weighted U.S. Average),,,,,,,,,,Tier 2 (Equation C-2,2016-01-01-00:0,2016-12-31-00:0,Monthly,,21257.2,1.08,0,27,0,,,,,,,,,,,,,,,,0.9936,,
132,,1002149,2016,International Paper - Springfield Mill,"Lime Kilns, Combined, EU 455",Petroleum Coke,,,,,,,,,,Tier 2 (Equation C-2,2016-01-01-00:0,2016-12-31-00:0,Once per fuel lot,,254.7,.08,.01,2,3.1,,,,,,,,,,,,,,,,0.0064,,
133,,1002149,2016,International Paper - Springfield Mill,#4 Kraft Recovery Furnace EU445C,Natural Gas (Weighted U.S. Average),,,,,,,,,,Tier 2 (Equation C-2,2016-01-01-00:0,2016-12-31-00:0,Monthly,,7864,.15,.015,3.7,4.4,,,,,,,,,,,,,,,,,,
134,,1002098,2016,GREEN BAY PACKAGING/ARK KRAFT,Unit 1 (Recover Boiler  SN-05A),Natural Gas (Weighted U.S. Average),,"Tier 1 (Equation C-1b, natural gas billing in mmBtu)",2016-01-01-00:0,2016-12-31-00:0,2611.4,.05,.005,1.2,1.5,,,,,,,,,,,,,,,,,,,,,,,,,,,,
135,,1002098,2016,GREEN BAY PACKAGING/ARK KRAFT,Unit 2 (#2 Lime Kiln  SN-08),Natural Gas (Weighted U.S. Average),,"Tier 1 (Equation C-1b, natural gas billing in mmBtu)",2016-01-01-00:0,2016-12-31-00:0,18767.5,.96,0,23.9,0,,,,,,,,,,,,,,,,,,,,,,,,,,1,,
136,,1000348,2016,Resolute FP US Inc. - Catawba Operations,07-2505,Residual Fuel Oil No. 6,,Tier 1 (Equation C-1),2016-01-01-00:0,2016-12-31-00:0,9559.1,.38,.076,9.5,22.8,,,,,,,,,,,,,,,,,,,,,,,,,,,,
137,,1000348,2016,Resolute FP US Inc. - Catawba Operations,07-5105,Natural Gas (Weighted U.S. Average),,Tier 1 (Equation C-1),2016-01-01-00:0,2016-12-31-00:0,4971.4,.09,.009,2.3,2.8,,,,,,,,,,,,,,,,,,,,,,,,,,,,
138,,1000348,2016,Resolute FP US Inc. - Catawba Operations,07-5105,Residual Fuel Oil No. 6,,Tier 1 (Equation C-1),2016-01-01-00:0,2016-12-31-00:0,6419,.26,.051,6.4,15.3,,,,,,,,,,,,,,,,,,,,,,,,,,,,
139,,1000348,2016,Resolute FP US Inc. - Catawba Operations,07-2723,Natural Gas (Weighted U.S. Average),,Tier 1 (Equation C-1),2016-01-01-00:0,2016-12-31-00:0,42044,2.14,0,53.5,0,,,,,,,,,,,,,,,,,,,,,,,,,,0.9999999992,,
140,,1000348,2016,Resolute FP US Inc. - Catawba Operations,07-2723,Residual Fuel Oil No. 6,,Tier 1 (Equation C-1),2016-01-01-00:0,2016-12-31-00:0,0,0,0,0,0,,,,,,,,,,,,,,,,,,,,,,,,,,0.000000001,,
141,,1002272,2016,"WestRock CP, LLC - Fernandina Beach Mill (Formerly Smurfit-Stone)",RB4,Used Oil,,Tier 1 (Equation C-1),2016-01-01-00:0,2016-12-31-00:0,90.9,0,.001,.1,.2,,,,,,,,,,,,,,,,,,,,,,,,,,,,
142,,1002272,2016,"WestRock CP, LLC - Fernandina Beach Mill (Formerly Smurfit-Stone)",RB5,Distillate Fuel Oil No. 2,,Tier 1 (Equation C-1),2016-01-01-00:0,2016-12-31-00:0,3337.8,.14,.027,3.4,8.1,,,,,,,,,,,,,,,,,,,,,,,,,,,,
143,,1002272,2016,"WestRock CP, LLC - Fernandina Beach Mill (Formerly Smurfit-Stone)",RB5,Residual Fuel Oil No. 6,,Tier 1 (Equation C-1),2016-01-01-00:0,2016-12-31-00:0,3660.2,.15,.029,3.7,8.7,,,,,,,,,,,,,,,,,,,,,,,,,,,,
144,,1002272,2016,"WestRock CP, LLC - Fernandina Beach Mill (Formerly Smurfit-Stone)",RB5,Used Oil,,Tier 1 (Equation C-1),2016-01-01-00:0,2016-12-31-00:0,89.2,0,.001,.1,.2,,,,,,,,,,,,,,,,,,,,,,,,,,,,
145,,1002272,2016,"WestRock CP, LLC - Fernandina Beach Mill (Formerly Smurfit-Stone)",LK4,Natural Gas (Weighted U.S. Average),,Tier 1 (Equation C-1),2016-01-01-00:0,2016-12-31-00:0,49129.1,2.5,0,62.5,0,,,,,,,,,,,,,,,,,,,,,,,,,,1,,
146,,1008025,2016,LEAF RIVER CELLULOSE LLC,AA-011,Natural Gas (Weighted U.S. Average),,,,,,,,,,Tier 2 (Equation C-2,2016-01-01-00:0,2016-12-31-00:0,Monthly,,7537.7,.14,.014,3.6,4.2,,,,,,,,,,,,,,,,,,
147,,1008025,2016,LEAF RIVER CELLULOSE LLC,AA-013,Natural Gas (Weighted U.S. Average),,,,,,,,,,Tier 2 (Equation C-2,2016-01-01-00:0,2016-12-31-00:0,Monthly,,31718.5,1.61,0,40.4,0,,,,,,,,,,,,,,,,0.7,,
148,,1008025,2016,LEAF RIVER CELLULOSE LLC,AA-013,Petroleum Coke,,Tier 1 (Equation C-1),2016-01-01-00:0,2016-12-31-00:0,26169.9,.69,0,17.3,0,,,,,,,,,,,,,,,,,,,,,,,,,,0.30,,
149,,1006975,2016,GEORGIA-PACIFIC PORT HUDSON OPERATIONS,RF01,Natural Gas (Weighted U.S. Average),,,,,,,,,,Tier 2 (Equation C-2,2016-01-01-00:0,2016-12-31-00:0,Monthly,,26380.3,.5,.05,12.4,14.8,,,,,,,,,,,,,,,,,,
150,,1006975,2016,GEORGIA-PACIFIC PORT HUDSON OPERATIONS,LK02,Natural Gas (Weighted U.S. Average),,,,,,,,,,Tier 2 (Equation C-2,2016-01-01-00:0,2016-12-31-00:0,Monthly,,11852.7,.6,0,15.1,0,,,,,,,,,,,,,,,,0.6361,,
151,,1006975,2016,GEORGIA-PACIFIC PORT HUDSON OPERATIONS,LK02,Petroleum Coke,,,,,,,,,,Tier 2 (Equation C-2,2016-01-01-00:0,2016-12-31-00:0,Monthly,,13087.7,.35,0,8.8,0,,,,,,,,,,,,,,,,0.3639,,
152,,1006975,2016,GEORGIA-PACIFIC PORT HUDSON OPERATIONS,LK01,Natural Gas (Weighted U.S. Average),,,,,,,,,,Tier 2 (Equation C-2,2016-01-01-00:0,2016-12-31-00:0,Monthly,,16023.8,.82,0,20.4,0,,,,,,,,,,,,,,,,0.6212,,
153,,1006975,2016,GEORGIA-PACIFIC PORT HUDSON OPERATIONS,LK01,Petroleum Coke,,,,,,,,,,Tier 2 (Equation C-2,2016-01-01-00:0,2016-12-31-00:0,Monthly,,18855.2,.5,0,12.4,0,,,,,,,,,,,,,,,,0.3787,,
154,,1006975,2016,GEORGIA-PACIFIC PORT HUDSON OPERATIONS,RF02,Natural Gas (Weighted U.S. Average),,,,,,,,,,Tier 2 (Equation C-2,2016-01-01-00:0,2016-12-31-00:0,Monthly,,42721.8,.81,.081,20.1,24,,,,,,,,,,,,,,,,,,
155,,1006731,2016,Graphic Packaging International - Augusta,RB3,Distillate Fuel Oil No. 2,,,,,,,,,,Tier 2 (Equation C-2,2016-01-01-00:0,2016-12-31-00:0,Monthly,,3043.3,.12,.025,3.1,7.4,,,,,,,,,,,,,,,,,,
156,,1006731,2016,Graphic Packaging International - Augusta,LK1,Natural Gas (Weighted U.S. Average),,,,,,,,,,Tier 2 (Equation C-2,2016-01-01-00:0,2016-12-31-00:0,Monthly,,16877.3,.86,0,21.5,0,,,,,,,,,,,,,,,,1,,
157,,1006731,2016,Graphic Packaging International - Augusta,LK1,Distillate Fuel Oil No. 2,,,,,,,,,,Tier 2 (Equation C-2,2016-01-01-00:0,2016-12-31-00:0,Once per fuel lot,,0,0,0,0,0,,,,,,,,,,,,,,,,1,,
158,,1006731,2016,Graphic Packaging International - Augusta,LK2,Natural Gas (Weighted U.S. Average),,,,,,,,,,Tier 2 (Equation C-2,2016-01-01-00:0,2016-12-31-00:0,Monthly,,25901.8,1.32,0,33,0,,,,,,,,,,,,,,,,1,,
159,,1006731,2016,Graphic Packaging International - Augusta,LK2,Distillate Fuel Oil No. 2,,,,,,,,,,Tier 2 (Equation C-2,2016-01-01-00:0,2016-12-31-00:0,Once per fuel lot,,91.5,0,0,.1,0,,,,,,,,,,,,,,,,1,,
160,,1002708,2016,CLEARWATER PAPER CORP-CYPRESS BEND MILL,#1 Lime Kiln,Natural Gas (Weighted U.S. Average),,,,,,,,,,Tier 2 (Equation C-2,2016-01-01-00:0,2016-12-31-00:0,Monthly,,26499,1.35,0,33.7,0,,,,,,,,,,,,,,,,1.0,,
161,,1002708,2016,CLEARWATER PAPER CORP-CYPRESS BEND MILL,#1 Recovery Boiler,Natural Gas (Weighted U.S. Average),,,,,,,,,,Tier 2 (Equation C-2,2016-01-01-00:0,2016-12-31-00:0,Monthly,,7462.7,.14,.014,3.5,4.2,,,,,,,,,,,,,,,,,,
162,,1002823,2016,GEORGIA-PACIFIC CEDAR SPRINGS LLC,No. 1 Recovery Furnace (R400),Natural Gas (Weighted U.S. Average),,Tier 1 (Equation C-1),2016-01-01-00:0,2016-12-31-00:0,22005.6,.41,.041,10.4,12.4,,,,,,,,,,,,,,,,,,,,,,,,,,,,
163,,1002823,2016,GEORGIA-PACIFIC CEDAR SPRINGS LLC,No. 2 Recovery Furnace (R401),Distillate Fuel Oil No. 2,,Tier 1 (Equation C-1),2016-01-01-00:0,2016-12-31-00:0,4568.4,.19,.037,4.6,11,,,,,,,,,,,,,,,,,,,,,,,,,,,,
164,,1002823,2016,GEORGIA-PACIFIC CEDAR SPRINGS LLC,No. 3 Recovery Furnace (R402),Residual Fuel Oil No. 6,,Tier 1 (Equation C-1),2016-01-01-00:0,2016-12-31-00:0,15701.4,.63,.125,15.7,37.4,,,,,,,,,,,,,,,,,,,,,,,,,,,,
165,,1002823,2016,GEORGIA-PACIFIC CEDAR SPRINGS LLC,No. 1 Lime Kiln (L600),Natural Gas (Weighted U.S. Average),,Tier 1 (Equation C-1),2016-01-01-00:0,2016-12-31-00:0,28584.5,1.45,0,36.4,0,,,,,,,,,,,,,,,,,,,,,,,,,,0.93,,
166,,1002823,2016,GEORGIA-PACIFIC CEDAR SPRINGS LLC,No. 1 Lime Kiln (L600),Residual Fuel Oil No. 6,,Tier 1 (Equation C-1),2016-01-01-00:0,2016-12-31-00:0,3096.4,.11,0,2.8,0,,,,,,,,,,,,,,,,,,,,,,,,,,0.07,,
167,,1002823,2016,GEORGIA-PACIFIC CEDAR SPRINGS LLC,No. 2 Lime Kiln (L601),Natural Gas (Weighted U.S. Average),,Tier 1 (Equation C-1),2016-01-01-00:0,2016-12-31-00:0,24749.3,1.26,0,31.5,0,,,,,,,,,,,,,,,,,,,,,,,,,,0.92,,
168,,1002823,2016,GEORGIA-PACIFIC CEDAR SPRINGS LLC,No. 2 Lime Kiln (L601),Residual Fuel Oil No. 6,,Tier 1 (Equation C-1),2016-01-01-00:0,2016-12-31-00:0,3133.5,.11,0,2.8,0,,,,,,,,,,,,,,,,,,,,,,,,,,0.08,,
169,,1005998,2016,GEORGIA-PACIFIC CONSUMER OPERATIONS LLC,4RF,Natural Gas (Weighted U.S. Average),,,,,,,,,,Tier 2 (Equation C-2,2016-01-01-00:0,2016-12-31-00:0,Daily,,13686,.26,.026,6.4,7.7,,,,,,,,,,,,,,,,,,
170,,1005998,2016,GEORGIA-PACIFIC CONSUMER OPERATIONS LLC,4LK,Natural Gas (Weighted U.S. Average),,,,,,,,,,Tier 2 (Equation C-2,2016-01-01-00:0,2016-12-31-00:0,Daily,,20600.9,1.05,0,26.2,0,,,,,,,,,,,,,,,,1,,
171,,1003320,2016,Verso Escanaba LLC,EURF15,Natural Gas (Weighted U.S. Average),,,,,,,,,,Tier 2 (Equation C-2,2016-01-01-00:0,2016-12-31-00:0,Monthly,,9004.1,.17,.017,4.2,5.1,,,,,,,,,,,,,,,,,,
172,,1003320,2016,Verso Escanaba LLC,EURF15,Residual Fuel Oil No. 6,,,,,,,,,,,,,,,,,,,,Tier 3 (Equation C-4,2016-01-01-00:0,2016-12-31-00:0,Monthly,0,12,,,,,1292,.18,.035,4.4,10.5,,,
173,,1003320,2016,Verso Escanaba LLC,EULK29,Natural Gas (Weighted U.S. Average),,,,,,,,,,Tier 2 (Equation C-2,2016-01-01-00:0,2016-12-31-00:0,Monthly,,29859.2,1.52,0,38,0,,,,,,,,,,,,,,,,1,,
174,,1003633,2016,Twin Rivers Pine Bluff LLC,Recovery Boiler,Natural Gas (Weighted U.S. Average),,Tier 1 (Equation C-1),2016-01-01-00:0,2016-12-31-00:0,1111.1,.02,.002,.5,.6,,,,,,,,,,,,,,,,,,,,,,,,,,,,
175,,1003633,2016,Twin Rivers Pine Bluff LLC,Lime Kiln SN-01,Natural Gas (Weighted U.S. Average),,Tier 1 (Equation C-1),2016-01-01-00:0,2016-12-31-00:0,7603.2,.39,0,9.7,0,,,,,,,,,,,,,,,,,,,,,,,,,,0.25,,
176,,1007627,2016,GEORGIA PACIFIC MONTICELLO LLC,Lime Kiln,Natural Gas (Weighted U.S. Average),,,,,,,,,,Tier 2 (Equation C-2,2016-01-01-00:0,2016-12-31-00:0,Monthly,,64726.7,3.29,0,82.3,0,,,,,,,,,,,,,,,,1,,
177,,1007627,2016,GEORGIA PACIFIC MONTICELLO LLC,#2 Recovery Boiler,Natural Gas (Weighted U.S. Average),,,,,,,,,,Tier 2 (Equation C-2,2016-01-01-00:0,2016-12-31-00:0,Monthly,,8167.7,.15,.015,3.8,4.6,,,,,,,,,,,,,,,,,,
178,,1007627,2016,GEORGIA PACIFIC MONTICELLO LLC,#1 Recovery Boiler,Natural Gas (Weighted U.S. Average),,,,,,,,,,Tier 2 (Equation C-2,2016-01-01-00:0,2016-12-31-00:0,Monthly,,9094.2,.17,.017,4.3,5.1,,,,,,,,,,,,,,,,,,
179,,1006962,2016,GEORGIA-PACIFIC CONSUMER PRODUCTS LP,X026,Natural Gas (Weighted U.S. Average),,,,,,,,,,Tier 2 (Equation C-2,2016-01-01-00:0,2016-12-31-00:0,Monthly,,33992.9,1.73,0,43.2,0,,,,,,,,,,,,,,,,1,,
180,,1006962,2016,GEORGIA-PACIFIC CONSUMER PRODUCTS LP,X026,Residual Fuel Oil No. 6,,Tier 1 (Equation C-1),2016-01-01-00:0,2016-12-31-00:0,0,0,0,0,0,,,,,,,,,,,,,,,,,,,,,,,,,,0,,
181,,1006962,2016,GEORGIA-PACIFIC CONSUMER PRODUCTS LP,X024,Natural Gas (Weighted U.S. Average),,,,,,,,,,Tier 2 (Equation C-2,2016-01-01-00:0,2016-12-31-00:0,Monthly,,140913,2.66,.266,66.4,79.1,,,,,,,,,,,,,,,,,,
182,,1006962,2016,GEORGIA-PACIFIC CONSUMER PRODUCTS LP,X024,Distillate Fuel Oil No. 2,,Tier 1 (Equation C-1),2016-01-01-00:0,2016-12-31-00:0,704.4,.03,.006,.7,1.7,,,,,,,,,,,,,,,,,,,,,,,,,,,,
183,,1004901,2016,International Paper-Port Wentworth,RE01,Natural Gas (Weighted U.S. Average),,,,,,,,,,Tier 2 (Equation C-2,2016-01-01-00:0,2016-12-31-00:0,Other (specify),Annually per vendor,13194.2,.25,.025,6.2,7.4,,,,,,,,,,,,,,,,,,
184,,1004901,2016,International Paper-Port Wentworth,RE01,Distillate Fuel Oil No. 2,,,,,,,,,,Tier 2 (Equation C-2,2016-01-01-00:0,2016-12-31-00:0,Once per fuel lot,,988.5,.04,.008,1,2.4,,,,,,,,,,,,,,,,,,
185,,1004901,2016,International Paper-Port Wentworth,LK01,Natural Gas (Weighted U.S. Average),,Tier 1 (Equation C-1),2016-01-01-00:0,2016-12-31-00:0,36190.5,1.84,0,46,0,,,,,,,,,,,,,,,,,,,,,,,,,,1.0,,
186,,1004705,2016,CLEARWATER PAPER CORP,Number 4 Recovery Furnace,Natural Gas (Weighted U.S. Average),,Tier 1 (Equation C-1),2016-01-01-00:0,2016-12-31-00:0,17003.4,.32,.032,8,9.5,,,,,,,,,,,,,,,,,,,,,,,,,,,,
187,,1004705,2016,CLEARWATER PAPER CORP,Number 5 Recovery Furnace,Natural Gas (Weighted U.S. Average),,Tier 1 (Equation C-1),2016-01-01-00:0,2016-12-31-00:0,6253.8,.12,.012,2.9,3.5,,,,,,,,,,,,,,,,,,,,,,,,,,,,
188,,1004705,2016,CLEARWATER PAPER CORP,Number 3 Lime Kiln,Natural Gas (Weighted U.S. Average),,Tier 1 (Equation C-1),2016-01-01-00:0,2016-12-31-00:0,27585.6,.52,0,13,0,,,,,,,,,,,,,,,,,,,,,,,,,,1,,
189,,1004705,2016,CLEARWATER PAPER CORP,Number 4 Lime Kiln,Natural Gas (Weighted U.S. Average),,Tier 1 (Equation C-1),2016-01-01-00:0,2016-12-31-00:0,33320,.63,0,15.7,0,,,,,,,,,,,,,,,,,,,,,,,,,,1,,
190,,1003943,2016,GREIF RIVERVILLE LLC,Recovery Boiler,Natural Gas (Weighted U.S. Average),,Tier 1 (Equation C-1),2016-01-01-00:0,2016-12-31-00:0,24138.5,.45,.045,11.4,13.6,,,,,,,,,,,,,,,,,,,,,,,,,,,,
191,,1006958,2016,"WestRock CP, LLC - Panama City Mill (Formerly RockTenn)",RF#1,Natural Gas (Weighted U.S. Average),,Tier 1 (Equation C-1),2016-01-01-00:0,2016-12-31-00:0,11541.2,.22,.022,5.4,6.5,,,,,,,,,,,,,,,,,,,,,,,,,,,,
192,,1006958,2016,"WestRock CP, LLC - Panama City Mill (Formerly RockTenn)",RF#1,Residual Fuel Oil No. 6,,Tier 1 (Equation C-1),2016-01-01-00:0,2016-12-31-00:0,8580.4,.34,.069,8.6,20.4,,,,,,,,,,,,,,,,,,,,,,,,,,,,
193,,1006958,2016,"WestRock CP, LLC - Panama City Mill (Formerly RockTenn)",RF#2,Natural Gas (Weighted U.S. Average),,Tier 1 (Equation C-1),2016-01-01-00:0,2016-12-31-00:0,20523.7,.39,.039,9.7,11.5,,,,,,,,,,,,,,,,,,,,,,,,,,,,
194,,1006958,2016,"WestRock CP, LLC - Panama City Mill (Formerly RockTenn)",RF#2,Residual Fuel Oil No. 6,,Tier 1 (Equation C-1),2016-01-01-00:0,2016-12-31-00:0,3186.1,.13,.025,3.2,7.6,,,,,,,,,,,,,,,,,,,,,,,,,,,,
195,,1006958,2016,"WestRock CP, LLC - Panama City Mill (Formerly RockTenn)",LK#1,Natural Gas (Weighted U.S. Average),,Tier 1 (Equation C-1),2016-01-01-00:0,2016-12-31-00:0,43061.7,2.19,0,54.8,0,,,,,,,,,,,,,,,,,,,,,,,,,,1,,
196,,1006703,2016,International Paper - Columbus Mill,Recovery Boiler,Natural Gas (Weighted U.S. Average),,"Tier 1 (Equation C-1b, natural gas billing in mmBtu)",2016-01-01-00:0,2016-12-31-00:0,4644.2,.09,.009,2.2,2.6,,,,,,,,,,,,,,,,,,,,,,,,,,,,
197,,1006703,2016,International Paper - Columbus Mill,Recovery Boiler,Distillate Fuel Oil No. 2,,,,,,,,,,Tier 2 (Equation C-2,2016-01-01-00:0,2016-12-31-00:0,Monthly,,4817.2,.2,.039,4.9,11.6,,,,,,,,,,,,,,,,,,
198,,1006703,2016,International Paper - Columbus Mill,Lime Kiln,Natural Gas (Weighted U.S. Average),,,,,,,,,,Tier 2 (Equation C-2,2016-01-01-00:0,2016-12-31-00:0,Monthly,,46775.7,2.38,0,59.5,0,,,,,,,,,,,,,,,,1,,
199,,1005732,2016,PORT TOWNSEND PAPER CORP,Lime Kiln,Natural Gas (Weighted U.S. Average),,Tier 1 (Equation C-1),2016-01-01-00:0,2016-12-31-00:0,2394.1,.12,0,3,0,,,,,,,,,,,,,,,,,,,,,,,,,,0.11,,
200,,1005732,2016,PORT TOWNSEND PAPER CORP,Lime Kiln,Other Oil (>401 deg F),,Tier 1 (Equation C-1),2016-01-01-00:0,2016-12-31-00:0,27726.8,1.09,0,27.3,0,,,,,,,,,,,,,,,,,,,,,,,,,,0.89,,
201,,1005732,2016,PORT TOWNSEND PAPER CORP,Recovery Furnace,Other Oil (>401 deg F),,Tier 1 (Equation C-1),2016-01-01-00:0,2016-12-31-00:0,16850.2,.66,.133,16.6,39.5,,,,,,,,,,,,,,,,,,,,,,,,,,,,
202,,1006209,2016,International Paper - Flint River Mill,Lime Kiln (U800),Natural Gas (Weighted U.S. Average),,Tier 1 (Equation C-1),2016-01-01-00:0,2016-12-31-00:0,39800.9,2.03,0,50.6,0,,,,,,,,,,,,,,,,,,,,,,,,,,0.99,,
203,,1006209,2016,International Paper - Flint River Mill,Lime Kiln (U800),Distillate Fuel Oil No. 2,,Tier 1 (Equation C-1),2016-01-01-00:0,2016-12-31-00:0,159.3,.01,0,.1,0,,,,,,,,,,,,,,,,,,,,,,,,,,0.01,,
204,,1006209,2016,International Paper - Flint River Mill,Recovery Furnace (U500),Natural Gas (Weighted U.S. Average),,Tier 1 (Equation C-1),2016-01-01-00:0,2016-12-31-00:0,1122.6,.02,.002,.5,.6,,,,,,,,,,,,,,,,,,,,,,,,,,,,
205,,1006209,2016,International Paper - Flint River Mill,Recovery Furnace (U500),Distillate Fuel Oil No. 2,,Tier 1 (Equation C-1),2016-01-01-00:0,2016-12-31-00:0,4622.3,.19,.037,4.7,11.2,,,,,,,,,,,,,,,,,,,,,,,,,,,,
206,,1000353,2016,Sonoco Products Co.,Chemical Recovery Kiln,Natural Gas (Weighted U.S. Average),,"Tier 1 (Equation C-1b, natural gas billing in mmBtu)",2016-01-01-00:0,2016-12-31-00:0,1.2,0,0,0,0,,,,,,,,,,,,,,,,,,,,,,,,,,,,
207,,1008553,2016,"WestRock CP, LLC - Stevenson Mill",RB1,Natural Gas (Weighted U.S. Average),,Tier 1 (Equation C-1),2016-01-01-00:0,2016-12-31-00:0,14896.6,.28,.028,7,8.4,,,,,,,,,,,,,,,,,,,,,,,,,,,,
208,,1000961,2016,DOMTAR PAPER CO LLC HAWESVILLE MILL,No. 3 Lime Kiln,Natural Gas (Weighted U.S. Average),,,,,,,,,,Tier 2 (Equation C-2,2016-01-01-00:0,2016-12-31-00:0,Semiannually,,37661.4,1.92,0,47.9,0,,,,,,,,,,,,,,,,0.95,,
209,,1000961,2016,DOMTAR PAPER CO LLC HAWESVILLE MILL,No. 3 Recovery Furnace,Natural Gas (Weighted U.S. Average),,,,,,,,,,Tier 2 (Equation C-2,2016-01-01-00:0,2016-12-31-00:0,Semiannually,,6960,.13,.013,3.3,3.9,,,,,,,,,,,,,,,,,,
210,,1000961,2016,DOMTAR PAPER CO LLC HAWESVILLE MILL,No. 4 Recovery Furnace,Natural Gas (Weighted U.S. Average),,,,,,,,,,Tier 2 (Equation C-2,2016-01-01-00:0,2016-12-31-00:0,Semiannually,,4450,.08,.008,2.1,2.5,,,,,,,,,,,,,,,,,,
211,,1008999,2016,Cosmopolis Pulp Mill,Combined Recovery Stack AP10,Residual Fuel Oil No. 6,,Tier 1 (Equation C-1),2016-01-01-00:0,2016-12-31-00:0,220.6,.01,.002,.2,.5,,,,,,,,,,,,,,,,,,,,,,,,,,,,
212,,1005738,2016,International Paper - Mansfield Mill,No. 1 Recovery Boiler,Natural Gas (Weighted U.S. Average),,,,,,,,,,Tier 2 (Equation C-2,2016-01-01-00:0,2016-12-31-00:0,Monthly,,12846.9,.24,.024,6.1,7.2,,,,,,,,,,,,,,,,,,
213,,1005738,2016,International Paper - Mansfield Mill,Lime Kiln,Natural Gas (Weighted U.S. Average),,,,,,,,,,Tier 2 (Equation C-2,2016-01-01-00:0,2016-12-31-00:0,Monthly,,40550.2,2.06,0,51.6,0,,,,,,,,,,,,,,,,1,,
214,,1005738,2016,International Paper - Mansfield Mill,No. 2 Recovery Boiler,Natural Gas (Weighted U.S. Average),,,,,,,,,,Tier 2 (Equation C-2,2016-01-01-00:0,2016-12-31-00:0,Monthly,,11703.1,.22,.022,5.5,6.6,,,,,,,,,,,,,,,,,,
215,,1008042,2016,WAUNA MILL,Chem Rec Furn - EU24 (Swd & Hwd),Natural Gas (Weighted U.S. Average),,,,,,,,,,Tier 2 (Equation C-2,2016-01-01-00:0,2016-12-31-00:0,Monthly,,14968.7,.28,.028,7.1,8.4,,,,,,,,,,,,,,,,,,
216,,1008042,2016,WAUNA MILL,LK / EU-21,Natural Gas (Weighted U.S. Average),,,,,,,,,,Tier 2 (Equation C-2,2016-01-01-00:0,2016-12-31-00:0,Monthly,,22091.5,1.12,0,28.1,0,,,,,,,,,,,,,,,,1.00,,
217,,1006760,2016,International Paper ROME LINERBOARD MILL,RF5,Distillate Fuel Oil No. 2,,,,,,,,,,Tier 2 (Equation C-2,2016-01-01-00:0,2016-12-31-00:0,Monthly,,73.6,0,.001,.1,.2,,,,,,,,,,,,,,,,,,
218,,1006760,2016,International Paper ROME LINERBOARD MILL,RF5,Residual Fuel Oil No. 5,,,,,,,,,,,,,,,,,,,,Tier 3 (Equation C-4,2016-01-01-00:0,2016-12-31-00:0,Once per fuel lot,0,245,,,,,3161.3,.13,.026,3.2,7.7,,,
219,,1006760,2016,International Paper ROME LINERBOARD MILL,LK1,Natural Gas (Weighted U.S. Average),,,,,,,,,,Tier 2 (Equation C-2,2016-01-01-00:0,2016-12-31-00:0,Monthly,,27713,1.41,0,35.3,0,,,,,,,,,,,,,,,,0.97,,
220,,1006760,2016,International Paper ROME LINERBOARD MILL,LK1,Residual Fuel Oil No. 5,,,,,,,,,,,,,,,,,,,,Tier 3 (Equation C-4,2016-01-01-00:0,2016-12-31-00:0,Once per fuel lot,0,245,,,,,1130.1,.04,0,1,0,0.03,,
221,,1006760,2016,International Paper ROME LINERBOARD MILL,LK2,Natural Gas (Weighted U.S. Average),,,,,,,,,,Tier 2 (Equation C-2,2016-01-01-00:0,2016-12-31-00:0,Monthly,,28852.3,1.47,0,36.7,0,,,,,,,,,,,,,,,,0.999,,
222,,1006760,2016,International Paper ROME LINERBOARD MILL,LK2,Residual Fuel Oil No. 5,,,,,,,,,,,,,,,,,,,,Tier 3 (Equation C-4,2016-01-01-00:0,2016-12-31-00:0,Once per fuel lot,0,245,,,,,46.1,0,0,0,0,0.001,,
223,,1003884,2016,PACKAGING CORPORATION OF AMERICA-TOMAHAWK,B25,Natural Gas (Weighted U.S. Average),,Tier 1 (Equation C-1),2016-01-01-00:0,2016-12-31-00:0,3995.9,.08,.008,1.9,2.2,,,,,,,,,,,,,,,,,,,,,,,,,,,,
224,,1003884,2016,PACKAGING CORPORATION OF AMERICA-TOMAHAWK,B25,Distillate Fuel Oil No. 2,,Tier 1 (Equation C-1),2016-01-01-00:0,2016-12-31-00:0,51.1,0,0,.1,.1,,,,,,,,,,,,,,,,,,,,,,,,,,,,
225,,1003470,2016,GRAPHIC PACKAGING INTERNATIONAL,D001,Natural Gas (Weighted U.S. Average),,,,,,,,,,Tier 2 (Equation C-2,2016-01-01-00:0,2016-12-31-00:0,Monthly,,9567.8,.18,.018,4.5,5.4,,,,,,,,,,,,,,,,,,
226,,1003470,2016,GRAPHIC PACKAGING INTERNATIONAL,D001,Residual Fuel Oil No. 6,,,,,,,,,,Tier 2 (Equation C-2,2016-01-01-00:0,2016-12-31-00:0,Once per fuel lot,,1172.3,.05,.009,1.2,2.8,,,,,,,,,,,,,,,,,,
227,,1003470,2016,GRAPHIC PACKAGING INTERNATIONAL,L001,Natural Gas (Weighted U.S. Average),,,,,,,,,,Tier 2 (Equation C-2,2016-01-01-00:0,2016-12-31-00:0,Monthly,,14505.7,.74,0,18.5,0,,,,,,,,,,,,,,,,1,,
228,,1003470,2016,GRAPHIC PACKAGING INTERNATIONAL,L001,Residual Fuel Oil No. 6,,,,,,,,,,Tier 2 (Equation C-2,2016-01-01-00:0,2016-12-31-00:0,Once per fuel lot,,100.4,0,0,.1,0,,,,,,,,,,,,,,,,0,,
229,,1003470,2016,GRAPHIC PACKAGING INTERNATIONAL,L002,Natural Gas (Weighted U.S. Average),,,,,,,,,,Tier 2 (Equation C-2,2016-01-01-00:0,2016-12-31-00:0,Monthly,,15071.4,.77,0,19.2,0,,,,,,,,,,,,,,,,0.99,,
230,,1003470,2016,GRAPHIC PACKAGING INTERNATIONAL,L002,Residual Fuel Oil No. 6,,,,,,,,,,Tier 2 (Equation C-2,2016-01-01-00:0,2016-12-31-00:0,Once per fuel lot,,153.1,.01,0,.1,0,,,,,,,,,,,,,,,,0.01,,
231,,1004199,2016,Pixelle Specialty Solutions,Calciner,Distillate Fuel Oil No. 2,,Tier 1 (Equation C-1),2016-01-01-00:0,2016-12-31-00:0,47.2,0,0,0,.1,,,,,,,,,,,,,,,,,,,,,,,,,,0.0015,,
232,,1004199,2016,Pixelle Specialty Solutions,Calciner,Residual Fuel Oil No. 6,,Tier 1 (Equation C-1),2016-01-01-00:0,2016-12-31-00:0,31937.4,1.15,.128,28.7,38,,,,,,,,,,,,,,,,,,,,,,,,,,0.9985,,
233,,1004199,2016,Pixelle Specialty Solutions,Recovery Boiler #3,Distillate Fuel Oil No. 2,,Tier 1 (Equation C-1),2016-01-01-00:0,2016-12-31-00:0,4.9,0,0,0,0,,,,,,,,,,,,,,,,,,,,,,,,,,,,
234,,1004199,2016,Pixelle Specialty Solutions,Recovery Boiler #3,Residual Fuel Oil No. 6,,Tier 1 (Equation C-1),2016-01-01-00:0,2016-12-31-00:0,1518.8,.06,.012,1.5,3.6,,,,,,,,,,,,,,,,,,,,,,,,,,,,
235,,1007196,2016,Phoenix Paper Wickliffe LLC,03,Natural Gas (Weighted U.S. Average),,,,,,,,,,Tier 2 (Equation C-2,2016-01-01-00:0,2016-12-31-00:0,Other (specify),none,0,0,0,0,0,,,,,,,,,,,,,,,,,,
236,,1007196,2016,Phoenix Paper Wickliffe LLC,08,Natural Gas (Weighted U.S. Average),,,,,,,,,,Tier 2 (Equation C-2,2016-01-01-00:0,2016-12-31-00:0,Other (specify),none,0,0,0,0,0,,,,,,,,,,,,,,,,0,,
237,,1007226,2016,International Paper-Riegelwood,RB5,Residual Fuel Oil No. 6,,,,,,,,,,,,,,,,,,,,Tier 3 (Equation C-4,2016-01-01-00:0,2016-12-31-00:0,Once per fuel lot,0,14,,,,,11631.4,.44,.087,10.9,26,,,
238,,1007226,2016,International Paper-Riegelwood,RB4,Residual Fuel Oil No. 6,,,,,,,,,,,,,,,,,,,,Tier 3 (Equation C-4,2016-01-01-00:0,2016-12-31-00:0,Once per fuel lot,0,14,,,,,8987.2,.34,.068,8.4,20.1,,,
239,,1007226,2016,International Paper-Riegelwood,LK4,Natural Gas (Weighted U.S. Average),,,,,,,,,,Tier 2 (Equation C-2,2016-01-01-00:0,2016-12-31-00:0,Monthly,,46128.9,2.35,0,58.7,0,,,,,,,,,,,,,,,,0.83,,
240,,1007226,2016,International Paper-Riegelwood,LK4,Residual Fuel Oil No. 6,,,,,,,,,,,,,,,,,,,,Tier 3 (Equation C-4,2016-01-01-00:0,2016-12-31-00:0,Once per fuel lot,0,14,,,,,14481.6,.49,0,12.3,0,0.17,,
241,,1000311,2016,Resolute Forest Products Calhoun Operation,No.3 Recovery Furnace,Natural Gas (Weighted U.S. Average),,Tier 1 (Equation C-1),2016-01-01-00:0,2016-12-31-00:0,22424.7,.42,.042,10.6,12.6,,,,,,,,,,,,,,,,,,,,,,,,,,,,
242,,1000311,2016,Resolute Forest Products Calhoun Operation,Lime Kiln,Natural Gas (Weighted U.S. Average),,Tier 1 (Equation C-1),2016-01-01-00:0,2016-12-31-00:0,29396.9,1.5,0,37.4,0,,,,,,,,,,,,,,,,,,,,,,,,,,0.99973,,
243,,1000256,2016,"WestRock Virginia, Covington",No. 2 Recovery Furnace REC010,Residual Fuel Oil No. 6,,Tier 1 (Equation C-1),2016-01-01-00:0,2016-12-31-00:0,5535.5,.22,.044,5.5,13.2,,,,,,,,,,,,,,,,,,,,,,,,,,,,
244,,1000256,2016,"WestRock Virginia, Covington",No. 2 Lime Kiln REC047,Natural Gas (Weighted U.S. Average),,Tier 1 (Equation C-1),2016-01-01-00:0,2016-12-31-00:0,59459.7,3.03,0,75.6,0,,,,,,,,,,,,,,,,,,,,,,,,,,0.9797,,
245,,1000256,2016,"WestRock Virginia, Covington",No. 2 Lime Kiln REC047,Residual Fuel Oil No. 6,,Tier 1 (Equation C-1),2016-01-01-00:0,2016-12-31-00:0,1781.4,.06,0,1.6,0,,,,,,,,,,,,,,,,,,,,,,,,,,0.0203,,
246,,1000256,2016,"WestRock Virginia, Covington",No. 1 Recovery Furnace REC001,Natural Gas (Weighted U.S. Average),,Tier 1 (Equation C-1),2016-01-01-00:0,2016-12-31-00:0,18151.3,.34,.034,8.6,10.2,,,,,,,,,,,,,,,,,,,,,,,,,,,,
247,,1000256,2016,"WestRock Virginia, Covington",No. 1 Recovery Furnace REC001,Residual Fuel Oil No. 6,,Tier 1 (Equation C-1),2016-01-01-00:0,2016-12-31-00:0,5170.1,.21,.041,5.2,12.3,,,,,,,,,,,,,,,,,,,,,,,,,,,,
248,,1002733,2016,"Brunswick Cellulose, Inc.",R401,Natural Gas (Weighted U.S. Average),,,,,,,,,,Tier 2 (Equation C-2,2016-01-01-00:0,2016-12-31-00:0,Monthly,,1196.1,.02,.002,.6,.7,,,,,,,,,,,,,,,,,,
249,,1002733,2016,"Brunswick Cellulose, Inc.",R401,Residual Fuel Oil No. 6,,,,,,,,,,,,,,,,,,,,Tier 3 (Equation C-4,2016-01-01-00:0,2016-12-31-00:0,Once per fuel lot,0,8,,,,,8115.8,.31,.061,7.6,18.2,,,
250,,1002733,2016,"Brunswick Cellulose, Inc.",R407,Natural Gas (Weighted U.S. Average),,,,,,,,,,Tier 2 (Equation C-2,2016-01-01-00:0,2016-12-31-00:0,Monthly,,2740.9,.05,.005,1.3,1.5,,,,,,,,,,,,,,,,,,
251,,1002733,2016,"Brunswick Cellulose, Inc.",R407,Distillate Fuel Oil No. 2,,,,,,,,,,Tier 2 (Equation C-2,2016-01-01-00:0,2016-12-31-00:0,Once per fuel lot,,418.5,.02,.003,.4,1,,,,,,,,,,,,,,,,,,
252,,1002733,2016,"Brunswick Cellulose, Inc.",L537,Natural Gas (Weighted U.S. Average),,,,,,,,,,Tier 2 (Equation C-2,2016-01-01-00:0,2016-12-31-00:0,Monthly,,65675.8,3.34,0,83.5,0,,,,,,,,,,,,,,,,0.937,,
253,,1002733,2016,"Brunswick Cellulose, Inc.",L537,Residual Fuel Oil No. 6,,,,,,,,,,,,,,,,,,,,Tier 3 (Equation C-4,2016-01-01-00:0,2016-12-31-00:0,Once per fuel lot,0,8,,,,,6664,.23,0,5.7,0,0.063,,
254,,1005948,2016,GEORGIA-PACIFIC BREWTON LLC,BR-REC1-M003,Natural Gas (Weighted U.S. Average),,,,,,,,,,Tier 2 (Equation C-2,2016-01-01-00:0,2016-12-31-00:0,Monthly,,749.1,.01,.001,.4,.4,,,,,,,,,,,,,,,,,,
255,,1005948,2016,GEORGIA-PACIFIC BREWTON LLC,BR-REC1-M003,Residual Fuel Oil No. 6,,,,,,,,,,Tier 2 (Equation C-2,2016-01-01-00:0,2016-12-31-00:0,Monthly,,11470.7,.46,.092,11.5,27.3,,,,,,,,,,,,,,,,,,
256,,1005948,2016,GEORGIA-PACIFIC BREWTON LLC,BR-CRP5-S010,Natural Gas (Weighted U.S. Average),,,,,,,,,,Tier 2 (Equation C-2,2016-01-01-00:0,2016-12-31-00:0,Monthly,,16607.5,.85,0,21.1,0,,,,,,,,,,,,,,,,1.00,,
257,,1005948,2016,GEORGIA-PACIFIC BREWTON LLC,BR-REC2-M006,Natural Gas (Weighted U.S. Average),,,,,,,,,,Tier 2 (Equation C-2,2016-01-01-00:0,2016-12-31-00:0,Monthly,,765.2,.01,.001,.4,.4,,,,,,,,,,,,,,,,,,
258,,1005948,2016,GEORGIA-PACIFIC BREWTON LLC,BR-REC2-M006,Residual Fuel Oil No. 6,,,,,,,,,,Tier 2 (Equation C-2,2016-01-01-00:0,2016-12-31-00:0,Monthly,,11277.7,.45,.09,11.3,26.9,,,,,,,,,,,,,,,,,,
259,,1005948,2016,GEORGIA-PACIFIC BREWTON LLC,BR-CRP7-S015,Natural Gas (Weighted U.S. Average),,,,,,,,,,Tier 2 (Equation C-2,2016-01-01-00:0,2016-12-31-00:0,Monthly,,16925.6,.86,0,21.5,0,,,,,,,,,,,,,,,,1,,
260,,1005948,2016,GEORGIA-PACIFIC BREWTON LLC,BR-REC3-M010,Natural Gas (Weighted U.S. Average),,,,,,,,,,Tier 2 (Equation C-2,2016-01-01-00:0,2016-12-31-00:0,Monthly,,659.3,.01,.001,.3,.4,,,,,,,,,,,,,,,,,,
261,,1005948,2016,GEORGIA-PACIFIC BREWTON LLC,BR-REC3-M010,Residual Fuel Oil No. 6,,,,,,,,,,Tier 2 (Equation C-2,2016-01-01-00:0,2016-12-31-00:0,Monthly,,10518.5,.42,.084,10.5,25,,,,,,,,,,,,,,,,,,
262,,1005948,2016,GEORGIA-PACIFIC BREWTON LLC,BR-REC4-M001,Natural Gas (Weighted U.S. Average),,,,,,,,,,Tier 2 (Equation C-2,2016-01-01-00:0,2016-12-31-00:0,Monthly,,24893.5,.47,.047,11.7,14,,,,,,,,,,,,,,,,,,
263,,1005994,2016,DOMTAR AW LLC ASHDOWN MILL,No. 2 Recovery Boiler,Natural Gas (Weighted U.S. Average),,,,,,,,,,Tier 2 (Equation C-2,2016-01-01-00:0,2016-12-31-00:0,Monthly,,5359.9,.1,.01,2.5,3,,,,,,,,,,,,,,,,,,
264,,1005994,2016,DOMTAR AW LLC ASHDOWN MILL,No. 3 Recovery Boiler,Natural Gas (Weighted U.S. Average),,,,,,,,,,Tier 2 (Equation C-2,2016-01-01-00:0,2016-12-31-00:0,Monthly,,16717.7,.32,.032,7.9,9.4,,,,,,,,,,,,,,,,,,
265,,1005994,2016,DOMTAR AW LLC ASHDOWN MILL,No. 2 Lime Kiln,Natural Gas (Weighted U.S. Average),,,,,,,,,,Tier 2 (Equation C-2,2016-01-01-00:0,2016-12-31-00:0,Monthly,,42249.2,2.15,0,53.7,0,,,,,,,,,,,,,,,,1.0,,
266,,1005994,2016,DOMTAR AW LLC ASHDOWN MILL,No. 3 Lime Kiln,Natural Gas (Weighted U.S. Average),,,,,,,,,,Tier 2 (Equation C-2,2016-01-01-00:0,2016-12-31-00:0,Monthly,,43122,2.19,0,54.9,0,,,,,,,,,,,,,,,,1.0,,
267,,1006885,2016,International Paper Ticonderoga Mill,LK1,Natural Gas (Weighted U.S. Average),,,,,,,,,,Tier 2 (Equation C-2,2016-01-01-00:0,2016-12-31-00:0,Monthly,,12959.4,.66,0,16.5,0,,,,,,,,,,,,,,,,0.75,,
268,,1006885,2016,International Paper Ticonderoga Mill,LK1,Residual Fuel Oil No. 6,,,,,,,,,,,,,,,,,,,,Tier 3 (Equation C-4,2016-01-01-00:0,2016-12-31-00:0,Once per fuel lot,1,2,,,,,6470.4,.21,0,5.3,0,0.24,,
269,,1006885,2016,International Paper Ticonderoga Mill,LK1,Propane,,Tier 1 (Equation C-1),2016-01-01-00:0,2016-12-31-00:0,250.2,.01,0,.3,0,,,,,,,,,,,,,,,,,,,,,,,,,,0.01,,
270,,1006885,2016,International Paper Ticonderoga Mill,RF1,Residual Fuel Oil No. 6,,,,,,,,,,,,,,,,,,,,Tier 3 (Equation C-4,2016-01-01-00:0,2016-12-31-00:0,Once per fuel lot,1,2,,,,,6041.1,.22,.044,5.5,13.2,,,
271,,1007135,2016,GEORGIA PACIFIC CONSUMER OPERATIONS LLC,EU 017 No. 4 Lime Kiln,Natural Gas (Weighted U.S. Average),,,,,,,,,,Tier 2 (Equation C-2,2016-01-01-00:0,2016-12-31-00:0,Daily,,40899.4,2.08,0,52,0,,,,,,,,,,,,,,,,1,,
272,,1007135,2016,GEORGIA PACIFIC CONSUMER OPERATIONS LLC,EU 018 No. 4 Recovery Boiler,Natural Gas (Weighted U.S. Average),,,,,,,,,,Tier 2 (Equation C-2,2016-01-01-00:0,2016-12-31-00:0,Daily,,31367.9,.59,.059,14.8,17.6,,,,,,,,,,,,,,,,,,
273,,1000345,2016,"Foley Cellulose, LLC",No. 2 Recovery Boiler,Natural Gas (Weighted U.S. Average),,,,,,,,,,Tier 2 (Equation C-2,2016-01-01-00:0,2016-12-31-00:0,Monthly,,769.7,.01,.001,.4,.4,,,,,,,,,,,,,,,,,,
274,,1000345,2016,"Foley Cellulose, LLC",No. 2 Recovery Boiler,Residual Fuel Oil No. 6,,,,,,,,,,,,,,,,,,,,Tier 3 (Equation C-4,2016-01-01-00:0,2016-12-31-00:0,Once per fuel lot,22,708,,,,,6390.6,.25,.049,6.2,14.7,,,
275,,1000345,2016,"Foley Cellulose, LLC",No. 3 Recovery Boiler,Natural Gas (Weighted U.S. Average),,,,,,,,,,Tier 2 (Equation C-2,2016-01-01-00:0,2016-12-31-00:0,Monthly,,811.9,.02,.002,.4,.5,,,,,,,,,,,,,,,,,,
276,,1000345,2016,"Foley Cellulose, LLC",No. 3 Recovery Boiler,Residual Fuel Oil No. 6,,,,,,,,,,,,,,,,,,,,Tier 3 (Equation C-4,2016-01-01-00:0,2016-12-31-00:0,Once per fuel lot,22,708,,,,,6574.9,.25,.051,6.3,15.1,,,
277,,1000345,2016,"Foley Cellulose, LLC",No. 4 Lime Kiln,Natural Gas (Weighted U.S. Average),,,,,,,,,,Tier 2 (Equation C-2,2016-01-01-00:0,2016-12-31-00:0,Monthly,,62203.2,3.17,0,79.1,0,,,,,,,,,,,,,,,,1,,
278,,1000345,2016,"Foley Cellulose, LLC",No. 4 Recovery Boiler,Natural Gas (Weighted U.S. Average),,,,,,,,,,Tier 2 (Equation C-2,2016-01-01-00:0,2016-12-31-00:0,Monthly,,13966.3,.26,.026,6.6,7.8,,,,,,,,,,,,,,,,,,
279,,1000345,2016,"Foley Cellulose, LLC",No. 4 Recovery Boiler,Residual Fuel Oil No. 6,,,,,,,,,,,,,,,,,,,,Tier 3 (Equation C-4,2016-01-01-00:0,2016-12-31-00:0,Other (specify),22,708,,,,,22663.8,.09,.017,2.2,5.2,,,
280,,1005909,2016,International Paper - Orange Mill,LK,Natural Gas (Weighted U.S. Average),,Tier 1 (Equation C-1),2016-01-01-00:0,2016-12-31-00:0,40759.1,2.07,0,51.9,0,,,,,,,,,,,,,,,,,,,,,,,,,,1,,
281,,1005909,2016,International Paper - Orange Mill,RF2,Natural Gas (Weighted U.S. Average),,Tier 1 (Equation C-1),2016-01-01-00:0,2016-12-31-00:0,10340.9,.19,.019,4.9,5.8,,,,,,,,,,,,,,,,,,,,,,,,,,,,
282,,1005909,2016,International Paper - Orange Mill,RF1,Natural Gas (Weighted U.S. Average),,Tier 1 (Equation C-1),2016-01-01-00:0,2016-12-31-00:0,12807.7,.24,.024,6,7.2,,,,,,,,,,,,,,,,,,,,,,,,,,,,
283,,1005669,2016,APPLETON ROARING SPRING PAPER MFG,038 - No. 3 Recovery Boiler,Natural Gas (Weighted U.S. Average),,Tier 1 (Equation C-1),2016-01-01-00:0,2016-12-31-00:0,112,0,0,.1,.1,,,,,,,,,,,,,,,,,,,,,,,,,,,,
284,,1005669,2016,APPLETON ROARING SPRING PAPER MFG,038 - No. 3 Recovery Boiler,Residual Fuel Oil No. 6,,Tier 1 (Equation C-1),2016-01-01-00:0,2016-12-31-00:0,2045,.08,.016,2,4.9,,,,,,,,,,,,,,,,,,,,,,,,,,,,
285,,1005669,2016,APPLETON ROARING SPRING PAPER MFG,103A - Lime Kiln,Natural Gas (Weighted U.S. Average),,Tier 1 (Equation C-1),2016-01-01-00:0,2016-12-31-00:0,12570.7,.64,0,16,0,,,,,,,,,,,,,,,,,,,,,,,,,,0.99,,
286,,1005669,2016,APPLETON ROARING SPRING PAPER MFG,103A - Lime Kiln,Residual Fuel Oil No. 6,,Tier 1 (Equation C-1),2016-01-01-00:0,2016-12-31-00:0,1.8,0,0,0,0,,,,,,,,,,,,,,,,,,,,,,,,,,0.01,,
287,,1006668,2016,Graphic Packaging International - Texarkana Mill,LK2,Natural Gas (Weighted U.S. Average),,,,,,,,,,Tier 2 (Equation C-2,2016-01-01-00:0,2016-12-31-00:0,Monthly,,29862.8,1.52,0,38,0,,,,,,,,,,,,,,,,1,,
288,,1006668,2016,Graphic Packaging International - Texarkana Mill,LK1,Natural Gas (Weighted U.S. Average),,,,,,,,,,Tier 2 (Equation C-2,2016-01-01-00:0,2016-12-31-00:0,Monthly,,21995.4,1.12,0,28,0,,,,,,,,,,,,,,,,1,,
289,,1006668,2016,Graphic Packaging International - Texarkana Mill,RB1,Natural Gas (Weighted U.S. Average),,,,,,,,,,Tier 2 (Equation C-2,2016-01-01-00:0,2016-12-31-00:0,Monthly,,2474.7,.05,.005,1.2,1.4,,,,,,,,,,,,,,,,,,
290,,1006668,2016,Graphic Packaging International - Texarkana Mill,RB2,Natural Gas (Weighted U.S. Average),,,,,,,,,,Tier 2 (Equation C-2,2016-01-01-00:0,2016-12-31-00:0,Monthly,,16559.5,.31,.031,7.8,9.3,,,,,,,,,,,,,,,,,,
291,,1001995,2016,SAPPI CLOQUET LLC,EU 005,Natural Gas (Weighted U.S. Average),,,,,,,,,,Tier 2 (Equation C-2,2016-01-01-00:0,2016-12-31-00:0,Monthly,,1882.8,.04,.004,.9,1.1,,,,,,,,,,,,,,,,,,
292,,1001995,2016,SAPPI CLOQUET LLC,EU 033,Natural Gas (Weighted U.S. Average),,,,,,,,,,Tier 2 (Equation C-2,2016-01-01-00:0,2016-12-31-00:0,Monthly,,43260.4,2.2,0,55,0,,,,,,,,,,,,,,,,1.0,,
293,,1002893,2016,BOISE PAPER,No. 3 Recovery Furnace,Natural Gas (Weighted U.S. Average),,,,,,,,,,Tier 2 (Equation C-2,2016-01-01-00:0,2016-12-31-00:0,Daily,,6105.9,.12,.012,2.9,3.4,,,,,,,,,,,,,,,,,,
294,,1002893,2016,BOISE PAPER,Lime Kiln,Natural Gas (Weighted U.S. Average),,,,,,,,,,Tier 2 (Equation C-2,2016-01-01-00:0,2016-12-31-00:0,Daily,,19769.3,,,,,,,,,,,,,,,,,,,,1,,
295,,1002893,2016,BOISE PAPER,No. 2 Recovery Furnace,Natural Gas (Weighted U.S. Average),,,,,,,,,,Tier 2 (Equation C-2,2016-01-01-00:0,2016-12-31-00:0,Daily,,10158.3,.19,.019,4.8,5.7,,,,,,,,,,,,,,,,,,
296,,1001906,2016,RAYONIER PERFORMANCE FIBERS LLC Fernandina Mill,Recovery Boiler,Residual Fuel Oil No. 6,,Tier 1 (Equation C-1),2016-01-01-00:0,2016-12-31-00:0,13372.5,.53,.107,13.4,31.8,,,,,,,,,,,,,,,,,,,,,,,,,,,,
297,,1005653,2016,INTERNATIONAL PAPER - BOGALUSA MILL,Recovery Furnace No. 20,Natural Gas (Weighted U.S. Average),,,,,,,,,,Tier 2 (Equation C-2,2016-01-01-00:0,2016-12-31-00:0,Monthly,,10156.7,.19,.019,4.8,5.7,,,,,,,,,,,,,,,,,,
298,,1005653,2016,INTERNATIONAL PAPER - BOGALUSA MILL,Recovery Furnace No. 21,Natural Gas (Weighted U.S. Average),,,,,,,,,,Tier 2 (Equation C-2,2016-01-01-00:0,2016-12-31-00:0,Monthly,,8448.3,.16,.016,4,4.7,,,,,,,,,,,,,,,,,,
299,,1005653,2016,INTERNATIONAL PAPER - BOGALUSA MILL,Lime Kiln,Natural Gas (Weighted U.S. Average),,,,,,,,,,Tier 2 (Equation C-2,2016-01-01-00:0,2016-12-31-00:0,Monthly,,40798.9,2.08,0,51.9,0,,,,,,,,,,,,,,,,1,,
300,,1000426,2016,KapStone Charleston Kraft LLC,No. 1 Recovery Boiler/REC004,Residual Fuel Oil No. 6,,Tier 1 (Equation C-1),2016-01-01-00:0,2016-12-31-00:0,12009.9,.48,.096,12,28.6,,,,,,,,,,,,,,,,,,,,,,,,,,,,
301,,1000426,2016,KapStone Charleston Kraft LLC,No. 9 Recovery Boiler/REC007,Residual Fuel Oil No. 6,,Tier 1 (Equation C-1),2016-01-01-00:0,2016-12-31-00:0,11029.8,.44,.088,11,26.3,,,,,,,,,,,,,,,,,,,,,,,,,,,,
302,,1000426,2016,KapStone Charleston Kraft LLC,No. 4 Lime Kiln/CP001,Residual Fuel Oil No. 6,,Tier 1 (Equation C-1),2016-01-01-00:0,2016-12-31-00:0,6337.3,.23,0,5.7,0,,,,,,,,,,,,,,,,,,,,,,,,,,1,,
303,,1000426,2016,KapStone Charleston Kraft LLC,No. 5 Lime Kiln/CP002,Natural Gas (Weighted U.S. Average),,"Tier 1 (Equation C-1a, natural gas billing in therms)",2016-01-01-00:0,2016-12-31-00:0,53591.6,2.73,0,68.2,0,,,,,,,,,,,,,,,,,,,,,,,,,,0.92,,
304,,1000426,2016,KapStone Charleston Kraft LLC,No. 5 Lime Kiln/CP002,Residual Fuel Oil No. 6,,Tier 1 (Equation C-1),2016-01-01-00:0,2016-12-31-00:0,6337.3,.23,0,5.7,0,,,,,,,,,,,,,,,,,,,,,,,,,,0.08,,
305,,1000228,2016,International Paper - New Bern Mill,Recovery Furnace,Natural Gas (Weighted U.S. Average),,,,,,,,,,Tier 2 (Equation C-2,2016-01-01-00:0,2016-12-31-00:0,Daily,,6764.3,.13,.013,3.2,3.8,,,,,,,,,,,,,,,,,,
306,,1000228,2016,International Paper - New Bern Mill,Recovery Furnace,Residual Fuel Oil No. 6,,Tier 1 (Equation C-1),2016-01-01-00:0,2016-12-31-00:0,0,0,0,0,0,,,,,,,,,,,,,,,,,,,,,,,,,,,,
307,,1000228,2016,International Paper - New Bern Mill,Recovery Furnace,Propane,,Tier 1 (Equation C-1),2016-01-01-00:0,2016-12-31-00:0,4.3,0,0,0,0,,,,,,,,,,,,,,,,,,,,,,,,,,,,
308,,1000228,2016,International Paper - New Bern Mill,Lime Kiln,Natural Gas (Weighted U.S. Average),,,,,,,,,,Tier 2 (Equation C-2,2016-01-01-00:0,2016-12-31-00:0,Daily,,36022.1,1.83,0,45.8,0,,,,,,,,,,,,,,,,0.9996,,
309,,1000228,2016,International Paper - New Bern Mill,Lime Kiln,Distillate Fuel Oil No. 2,,Tier 1 (Equation C-1),2016-01-01-00:0,2016-12-31-00:0,0,0,0,0,0,,,,,,,,,,,,,,,,,,,,,,,,,,0,,
310,,1000228,2016,International Paper - New Bern Mill,Lime Kiln,Residual Fuel Oil No. 6,,Tier 1 (Equation C-1),2016-01-01-00:0,2016-12-31-00:0,21.3,0,0,0,.1,,,,,,,,,,,,,,,,,,,,,,,,,,0.0004,,
311,,1005959,2016,DOMTAR PAPER KINGSPORT MILL,82-0022-36,Natural Gas (Weighted U.S. Average),,,,,,,,,,Tier 2 (Equation C-2,2016-01-01-00:0,2016-12-31-00:0,Monthly,,29793.3,1.52,0,37.9,0,,,,,,,,,,,,,,,,1,,
312,,1005959,2016,DOMTAR PAPER KINGSPORT MILL,82-0022-34,Natural Gas (Weighted U.S. Average),,,,,,,,,,Tier 2 (Equation C-2,2016-01-01-00:0,2016-12-31-00:0,Monthly,,16304.6,.31,.031,7.7,9.2,,,,,,,,,,,,,,,,,,
313,,1004874,2016,WISCONSIN RAPIDS PAPER MILL,Recovery Boiler #1 (P39),Natural Gas (Weighted U.S. Average),,Tier 1 (Equation C-1),2016-01-01-00:0,2016-12-31-00:0,2884.2,.05,.005,1.4,1.6,,,,,,,,,,,,,,,,,,,,,,,,,,,,
314,,1004874,2016,WISCONSIN RAPIDS PAPER MILL,Recovery Boiler #2 (P36),Natural Gas (Weighted U.S. Average),,Tier 1 (Equation C-1),2016-01-01-00:0,2016-12-31-00:0,2587.8,.05,.005,1.2,1.5,,,,,,,,,,,,,,,,,,,,,,,,,,,,
315,,1004874,2016,WISCONSIN RAPIDS PAPER MILL,Recovery Boiler #3 (P37),Natural Gas (Weighted U.S. Average),,Tier 1 (Equation C-1),2016-01-01-00:0,2016-12-31-00:0,3198.1,.06,.006,1.5,1.8,,,,,,,,,,,,,,,,,,,,,,,,,,,,
316,,1004874,2016,WISCONSIN RAPIDS PAPER MILL,Lime Kiln (P30),Natural Gas (Weighted U.S. Average),,Tier 1 (Equation C-1),2016-01-01-00:0,2016-12-31-00:0,39480.3,2.01,0,50.2,0,,,,,,,,,,,,,,,,,,,,,,,,,,1,,
317,,1004874,2016,WISCONSIN RAPIDS PAPER MILL,Lime Kiln (P30),Distillate Fuel Oil No. 2,,Tier 1 (Equation C-1),2016-01-01-00:0,2016-12-31-00:0,0,0,0,0,0,,,,,,,,,,,,,,,,,,,,,,,,,,1,,
318,,1007214,2016,GEORGIA-PACIFIC Crossett Paper Operations,Lime Kiln (SN25),Natural Gas (Weighted U.S. Average),,,,,,,,,,Tier 2 (Equation C-2,2016-01-01-00:0,2016-12-31-00:0,Monthly,0,40139.4,2.04,0,51.1,0,,,,,,,,,,,,,,,,1,,
319,,1007214,2016,GEORGIA-PACIFIC Crossett Paper Operations,8R Boiler (SN26),Natural Gas (Weighted U.S. Average),,,,,,,,,,Tier 2 (Equation C-2,2016-01-01-00:0,2016-12-31-00:0,Monthly,0,18.2,0,0,0,0,,,,,,,,,,,,,,,,,,
320,,1007214,2016,GEORGIA-PACIFIC Crossett Paper Operations,8R Boiler (SN26),Used Oil,,Tier 1 (Equation C-1),2016-01-01-00:0,2016-12-31-00:0,9880.3,.4,.08,10,23.9,,,,,,,,,,,,,,,,,,,,,,,,,,,,
321,,1001733,2016,International Paper - Red River Mill,RB3 (NA-41-41),Natural Gas (Weighted U.S. Average),,,,,,,,,,Tier 2 (Equation C-2,2016-01-01-00:0,2016-12-31-00:0,Monthly,,65872.9,1.24,.124,31,37,,,,,,,,,,,,,,,,,,
322,,1001733,2016,International Paper - Red River Mill,LK (1224-06-06),Natural Gas (Weighted U.S. Average),,,,,,,,,,Tier 2 (Equation C-2,2016-01-01-00:0,2016-12-31-00:0,Monthly,,29326.1,1.49,0,37.3,0,,,,,,,,,,,,,,,,1,,
323,,1006776,2016,International Paper - Valliant Mill,Lime Kiln (EUG E7),Natural Gas (Weighted U.S. Average),,,,,,,,,,Tier 2 (Equation C-2,2016-01-01-00:0,2016-12-31-00:0,Monthly,,41268.9,2.1,0,52.5,0,,,,,,,,,,,,,,,,0.85,,
324,,1006776,2016,International Paper - Valliant Mill,Lime Kiln (EUG E7),Petroleum Coke,,Tier 1 (Equation C-1),2016-01-01-00:0,2016-12-31-00:0,15531.5,2.46,0,61.5,0,,,,,,,,,,,,,,,,,,,,,,,,,,0.15,,
325,,1006776,2016,International Paper - Valliant Mill,Recovery Furnace (EUG D6),Natural Gas (Weighted U.S. Average),,,,,,,,,,Tier 2 (Equation C-2,2016-01-01-00:0,2016-12-31-00:0,Monthly,,21048.2,.4,.04,9.9,11.8,,,,,,,,,,,,,,,,,,
326,,1007964,2016,"West Rock Mill Company, LLC",RF3,Natural Gas (Weighted U.S. Average),,Tier 1 (Equation C-1),2016-01-01-00:0,2016-12-31-00:0,3229.6,.06,.006,1.5,1.8,,,,,,,,,,,,,,,,,,,,,,,,,,,,
327,,1007964,2016,"West Rock Mill Company, LLC",RF3,Distillate Fuel Oil No. 2,,Tier 1 (Equation C-1),2016-01-01-00:0,2016-12-31-00:0,950.3,.04,.008,1,2.3,,,,,,,,,,,,,,,,,,,,,,,,,,,,
328,,1007964,2016,"West Rock Mill Company, LLC",LK3,Natural Gas (Weighted U.S. Average),,Tier 1 (Equation C-1),2016-01-01-00:0,2016-12-31-00:0,53463.7,2.72,0,68,0,,,,,,,,,,,,,,,,,,,,,,,,,,1,,
329,,1003501,2016,EVERGREEN PACKAGING-PINE BLUFF,Lime Kiln No. 1,Natural Gas (Weighted U.S. Average),,Tier 1 (Equation C-1),2016-01-01-00:0,2016-12-31-00:0,25055.9,1.27,0,31.9,0,,,,,,,,,,,,,,,,,,,,,,,,,,1,,
330,,1003501,2016,EVERGREEN PACKAGING-PINE BLUFF,Lime Kiln No. 1,Residual Fuel Oil No. 6,,Tier 1 (Equation C-1),2016-01-01-00:0,2016-12-31-00:0,0,0,0,0,0,,,,,,,,,,,,,,,,,,,,,,,,,,0,,
331,,1003501,2016,EVERGREEN PACKAGING-PINE BLUFF,Recovery Boiler No. 2,Natural Gas (Weighted U.S. Average),,Tier 1 (Equation C-1),2016-01-01-00:0,2016-12-31-00:0,2351,.04,.004,1.1,1.3,,,,,,,,,,,,,,,,,,,,,,,,,,,,
332,,1003501,2016,EVERGREEN PACKAGING-PINE BLUFF,Recovery Boiler No. 2,Distillate Fuel Oil No. 2,,Tier 1 (Equation C-1),2016-01-01-00:0,2016-12-31-00:0,0,0,0,0,0,,,,,,,,,,,,,,,,,,,,,,,,,,,,
333,,1003501,2016,EVERGREEN PACKAGING-PINE BLUFF,Recovery Boiler No. 3,Natural Gas (Weighted U.S. Average),,Tier 1 (Equation C-1),2016-01-01-00:0,2016-12-31-00:0,2595.5,.05,.005,1.2,1.5,,,,,,,,,,,,,,,,,,,,,,,,,,,,
334,,1003501,2016,EVERGREEN PACKAGING-PINE BLUFF,Recovery Boiler No. 3,Distillate Fuel Oil No. 2,,Tier 1 (Equation C-1),2016-01-01-00:0,2016-12-31-00:0,0,0,0,0,0,,,,,,,,,,,,,,,,,,,,,,,,,,,,
335,,1003501,2016,EVERGREEN PACKAGING-PINE BLUFF,Recovery Boiler No. 4,Natural Gas (Weighted U.S. Average),,Tier 1 (Equation C-1),2016-01-01-00:0,2016-12-31-00:0,4472.8,.08,.008,2.1,2.5,,,,,,,,,,,,,,,,,,,,,,,,,,,,
336,,1003501,2016,EVERGREEN PACKAGING-PINE BLUFF,Recovery Boiler No. 4,Distillate Fuel Oil No. 2,,Tier 1 (Equation C-1),2016-01-01-00:0,2016-12-31-00:0,0,0,0,0,0,,,,,,,,,,,,,,,,,,,,,,,,,,,,
337,,1003501,2016,EVERGREEN PACKAGING-PINE BLUFF,Lime Kiln No. 2,Natural Gas (Weighted U.S. Average),,Tier 1 (Equation C-1),2016-01-01-00:0,2016-12-31-00:0,19878.4,1.01,0,25.3,0,,,,,,,,,,,,,,,,,,,,,,,,,,1,,
338,,1003501,2016,EVERGREEN PACKAGING-PINE BLUFF,Lime Kiln No. 2,Residual Fuel Oil No. 6,,Tier 1 (Equation C-1),2016-01-01-00:0,2016-12-31-00:0,0,0,0,0,0,,,,,,,,,,,,,,,,,,,,,,,,,,0,,
339,,1006366,2016,ND Paper Inc - Rumford Division,Chemical Recovery Furnace,Residual Fuel Oil No. 6,,,,,,,,,,,,,,,,,,,,Tier 3 (Equation C-4,2016-01-01-00:0,2016-12-31-00:0,Monthly,0,12,,,,,9728.4,.35,.071,8.9,21.1,,,
340,,1006366,2016,ND Paper Inc - Rumford Division,Lime Kiln,Natural Gas (Weighted U.S. Average),,"Tier 1 (Equation C-1b, natural gas billing in mmBtu)",2016-01-01-00:0,2016-12-31-00:0,38378.7,1.95,0,48.8,0,,,,,,,,,,,,,,,,,,,,,,,,,,0.9992,,
341,,1006366,2016,ND Paper Inc - Rumford Division,Lime Kiln,Residual Fuel Oil No. 6,,,,,,,,,,,,,,,,,,,,Tier 3 (Equation C-4,2016-01-01-00:0,2016-12-31-00:0,Monthly,0,12,,,,,48.5,0,0,0,0,0.0008,,
342,,1003048,2016,SAPPI FINE PAPER (S.D. WARREN ) MILL,Lime Kiln,Natural Gas (Weighted U.S. Average),,,,,,,,,,Tier 2 (Equation C-2,2016-01-01-00:0,2016-12-31-00:0,Monthly,,41893,2.13,0,53.3,0,,,,,,,,,,,,,,,,1,,
343,,1003048,2016,SAPPI FINE PAPER (S.D. WARREN ) MILL,Recovery Boiler,,,,,,,,,,,,,,,,,,,,,Tier 3 (Equation C-4,2016-01-01-00:0,2016-12-31-00:0,Quarterly,0,4,,,,,2714.5,.1,.02,2.5,6,,,
344,,1006892,2016,International Paper-Prattville Mill,Lime Kiln No. 1/ Z003,Natural Gas (Weighted U.S. Average),,,,,,,,,,Tier 2 (Equation C-2,2016-01-01-00:0,2016-12-31-00:0,Monthly,,19718,1,0,25.1,0,,,,,,,,,,,,,,,,1,,
345,,1006892,2016,International Paper-Prattville Mill,Recovery Boiler No. 1/ Z001,Natural Gas (Weighted U.S. Average),,,,,,,,,,Tier 2 (Equation C-2,2016-01-01-00:0,2016-12-31-00:0,Monthly,,644.4,.01,.001,.3,.4,,,,,,,,,,,,,,,,,,
346,,1006892,2016,International Paper-Prattville Mill,Recovery Boiler No. 1/ Z001,Used Oil,,,,,,,,,,Tier 2 (Equation C-2,2016-01-01-00:0,2016-12-31-00:0,Monthly,,3659.9,.15,.03,3.7,8.8,,,,,,,,,,,,,,,,,,
347,,1006892,2016,International Paper-Prattville Mill,Recovery Boiler No. 2/ Z011,Used Oil,,,,,,,,,,Tier 2 (Equation C-2,2016-01-01-00:0,2016-12-31-00:0,Monthly,,2216.4,.09,.018,2.2,5.4,,,,,,,,,,,,,,,,,,
348,,1006892,2016,International Paper-Prattville Mill,Lime Kiln No. 2/ Z013,Natural Gas (Weighted U.S. Average),,,,,,,,,,Tier 2 (Equation C-2,2016-01-01-00:0,2016-12-31-00:0,Monthly,,14853.7,.76,0,18.9,0,,,,,,,,,,,,,,,,0.41,,
349,,1006892,2016,International Paper-Prattville Mill,Lime Kiln No. 2/ Z013,Petroleum Coke,,Tier 1 (Equation C-1),2016-01-01-00:0,2016-12-31-00:0,45083.5,1.08,0,27,0,,,,,,,,,,,,,,,,,,,,,,,,,,0.59,,
350,,1004055,2016,GEORGIA-PACIFIC TOLEDO LLC,EU14 Recovery Boiler #1,Natural Gas (Weighted U.S. Average),,,,,,,,,,Tier 2 (Equation C-2,2016-01-01-00:0,2016-12-31-00:0,Monthly,,2557.3,.05,.005,1.2,1.4,,,,,,,,,,,,,,,,,,
351,,1004055,2016,GEORGIA-PACIFIC TOLEDO LLC,EU1 Lime Kiln #1,Natural Gas (Weighted U.S. Average),,,,,,,,,,Tier 2 (Equation C-2,2016-01-01-00:0,2016-12-31-00:0,Monthly,,9167.2,.47,0,11.7,0,,,,,,,,,,,,,,,,1,,
352,,1004055,2016,GEORGIA-PACIFIC TOLEDO LLC,EU2 Lime Kiln #2,Natural Gas (Weighted U.S. Average),,,,,,,,,,Tier 2 (Equation C-2,2016-01-01-00:0,2016-12-31-00:0,Monthly,,9246.2,.47,0,11.8,0,,,,,,,,,,,,,,,,1,,
353,,1004055,2016,GEORGIA-PACIFIC TOLEDO LLC,EU16 Recovery Boiler #2,Natural Gas (Weighted U.S. Average),,,,,,,,,,Tier 2 (Equation C-2,2016-01-01-00:0,2016-12-31-00:0,Monthly,,1689.4,.03,.003,.8,.9,,,,,,,,,,,,,,,,,,
354,,1004055,2016,GEORGIA-PACIFIC TOLEDO LLC,EU3 Lime Kiln #3,Natural Gas (Weighted U.S. Average),,,,,,,,,,Tier 2 (Equation C-2,2016-01-01-00:0,2016-12-31-00:0,Monthly,,9981.7,.51,0,12.7,0,,,,,,,,,,,,,,,,1,,
355,,1004396,2016,DOMTAR A. W. LLC-NEKOOSA,B14,Natural Gas (Weighted U.S. Average),,"Tier 1 (Equation C-1b, natural gas billing in mmBtu)",2016-01-01-00:0,2016-12-31-00:0,9905.6,.19,.019,4.7,5.6,,,,,,,,,,,,,,,,,,,,,,,,,,,,
356,,1004396,2016,DOMTAR A. W. LLC-NEKOOSA,P22,Natural Gas (Weighted U.S. Average),,"Tier 1 (Equation C-1b, natural gas billing in mmBtu)",2016-01-01-00:0,2016-12-31-00:0,12619,.64,0,16.1,0,,,,,,,,,,,,,,,,,,,,,,,,,,1,,
357,,1005579,2016,"WestRock CP, LLC - West Point Mill",LK2,Natural Gas (Weighted U.S. Average),,Tier 1 (Equation C-1),2016-01-01-00:0,2016-12-31-00:0,25882,1.32,0,32.9,0,,,,,,,,,,,,,,,,,,,,,,,,,,0.99,,
358,,1005579,2016,"WestRock CP, LLC - West Point Mill",LK2,Residual Fuel Oil No. 6,,Tier 1 (Equation C-1),2016-01-01-00:0,2016-12-31-00:0,368.3,.01,0,.4,0,,,,,,,,,,,,,,,,,,,,,,,,,,0.01,,
359,,1005579,2016,"WestRock CP, LLC - West Point Mill",RF4,Natural Gas (Weighted U.S. Average),,Tier 1 (Equation C-1),2016-01-01-00:0,2016-12-31-00:0,21095.2,.4,.04,9.9,11.8,,,,,,,,,,,,,,,,,,,,,,,,,,,,
360,,1005579,2016,"WestRock CP, LLC - West Point Mill",RF4,Residual Fuel Oil No. 6,,Tier 1 (Equation C-1),2016-01-01-00:0,2016-12-31-00:0,72.4,0,.001,.1,.2,,,,,,,,,,,,,,,,,,,,,,,,,,,,
361,,1005579,2016,"WestRock CP, LLC - West Point Mill",RF5,Natural Gas (Weighted U.S. Average),,Tier 1 (Equation C-1),2016-01-01-00:0,2016-12-31-00:0,12559.9,.24,.024,5.9,7.1,,,,,,,,,,,,,,,,,,,,,,,,,,,,
362,,1005579,2016,"WestRock CP, LLC - West Point Mill",RF5,Distillate Fuel Oil No. 2,,Tier 1 (Equation C-1),2016-01-01-00:0,2016-12-31-00:0,911.2,.04,.007,.9,2.2,,,,,,,,,,,,,,,,,,,,,,,,,,,,
363,,1005579,2016,"WestRock CP, LLC - West Point Mill",LK1,Natural Gas (Weighted U.S. Average),,Tier 1 (Equation C-1),2016-01-01-00:0,2016-12-31-00:0,25886.8,1.32,0,32.9,0,,,,,,,,,,,,,,,,,,,,,,,,,,0.99,,
364,,1005579,2016,"WestRock CP, LLC - West Point Mill",LK1,Residual Fuel Oil No. 6,,Tier 1 (Equation C-1),2016-01-01-00:0,2016-12-31-00:0,188.1,.01,0,.2,0,,,,,,,,,,,,,,,,,,,,,,,,,,0.01,,
365,,1004886,2016,INTERSTATE PAPER LLC,Lime Kiln,Natural Gas (Weighted U.S. Average),,,,,,,,,,Tier 2 (Equation C-2,2016-01-01-00:0,2016-12-31-00:0,Other (specify),Use constant factor.,12375.4,.63,0,15.7,0,,,,,,,,,,,,,,,,0.98,,
366,,1004886,2016,INTERSTATE PAPER LLC,Lime Kiln,Residual Fuel Oil No. 6,,Tier 1 (Equation C-1),2016-01-01-00:0,2016-12-31-00:0,837.4,.03,0,.8,0,,,,,,,,,,,,,,,,,,,,,,,,,,0.98,,
367,,1004886,2016,INTERSTATE PAPER LLC,Recovery Boiler,Natural Gas (Weighted U.S. Average),,,,,,,,,,Tier 2 (Equation C-2,2016-01-01-00:0,2016-12-31-00:0,Other (specify),Use constant factor.,5390.1,.1,.01,2.5,3,,,,,,,,,,,,,,,,,,
368,,1004886,2016,INTERSTATE PAPER LLC,Recovery Boiler,Residual Fuel Oil No. 6,,,,,,,,,,,,,,,,,,,,Tier 3 (Equation C-4,2016-01-01-00:0,2016-12-31-00:0,Upon addition of oil to the storage tank,0,6,,,,,0,0,0,0,0,,,
369,,1005012,2016,"WESTROCK CP, LLC - HODGE MILL",LK1,Natural Gas (Weighted U.S. Average),,Tier 1 (Equation C-1),2016-01-01-00:0,2016-12-31-00:0,32133,1.64,0,40.9,0,,,,,,,,,,,,,,,,,,,,,,,,,,1,,
370,,1005012,2016,"WESTROCK CP, LLC - HODGE MILL",LK2,Natural Gas (Weighted U.S. Average),,Tier 1 (Equation C-1),2016-01-01-00:0,2016-12-31-00:0,28113.9,1.43,0,35.8,0,,,,,,,,,,,,,,,,,,,,,,,,,,1,,
371,,1005012,2016,"WESTROCK CP, LLC - HODGE MILL",RB2,Natural Gas (Weighted U.S. Average),,Tier 1 (Equation C-1),2016-01-01-00:0,2016-12-31-00:0,23483.1,.44,.044,11.1,13.2,,,,,,,,,,,,,,,,,,,,,,,,,,,,
372,,1008708,2016,"WestRock CP, LLC--Hopewell Mill (Formerly RockTenn)",LK1,Natural Gas (Weighted U.S. Average),,Tier 1 (Equation C-1),2016-01-01-00:0,2016-12-31-00:0,23492.6,1.2,0,29.9,0,,,,,,,,,,,,,,,,,,,,,,,,,,0.9684,,
373,,1008708,2016,"WestRock CP, LLC--Hopewell Mill (Formerly RockTenn)",LK1,Used Oil,,Tier 1 (Equation C-1),2016-01-01-00:0,2016-12-31-00:0,1065.8,.04,.009,1.1,2.6,,,,,,,,,,,,,,,,,,,,,,,,,,0.03,,
374,,1008708,2016,"WestRock CP, LLC--Hopewell Mill (Formerly RockTenn)",RF1,Natural Gas (Weighted U.S. Average),,Tier 1 (Equation C-1),2016-01-01-00:0,2016-12-31-00:0,12649.9,.24,.024,6,7.1,,,,,,,,,,,,,,,,,,,,,,,,,,,,
375,,1008708,2016,"WestRock CP, LLC--Hopewell Mill (Formerly RockTenn)",RF1,Residual Fuel Oil No. 6,,Tier 1 (Equation C-1),2016-01-01-00:0,2016-12-31-00:0,583.7,.02,.005,.6,1.4,,,,,,,,,,,,,,,,,,,,,,,,,,,,
376,,1004017,2016,CASCADE PACIFIC PULP HALSEY PULP MILL,LIme Kiln,Natural Gas (Weighted U.S. Average),,Tier 1 (Equation C-1),2016-01-01-00:0,2016-12-31-00:0,27549.9,1.4,0,35,0,,,,,,,,,,,,,,,,,,,,,,,,,,0.94,,
377,,1004017,2016,CASCADE PACIFIC PULP HALSEY PULP MILL,LIme Kiln,Residual Fuel Oil No. 6,,Tier 1 (Equation C-1),2016-01-01-00:0,2016-12-31-00:0,2461.1,.09,0,2.2,0,,,,,,,,,,,,,,,,,,,,,,,,,,0.06,,
378,,1004017,2016,CASCADE PACIFIC PULP HALSEY PULP MILL,Recovery Furnace,Natural Gas (Weighted U.S. Average),,Tier 1 (Equation C-1),2016-01-01-00:0,2016-12-31-00:0,1515.5,.03,.003,.7,.9,,,,,,,,,,,,,,,,,,,,,,,,,,,,
379,,1005706,2016,"Domtar Paper Company, LLC",Chemical Recovery Furnace,Natural Gas (Weighted U.S. Average),,Tier 1 (Equation C-1),2016-01-01-00:0,2016-12-31-00:0,9283.7,.17,.017,4.4,5.2,,,,,,,,,,,,,,,,,,,,,,,,,,,,
380,,1005706,2016,"Domtar Paper Company, LLC",Chemical Recovery Furnace,Distillate Fuel Oil No. 2,,Tier 1 (Equation C-1),2016-01-01-00:0,2016-12-31-00:0,0,0,0,0,0,,,,,,,,,,,,,,,,,,,,,,,,,,,,
381,,1005706,2016,"Domtar Paper Company, LLC",Lime Kiln,Natural Gas (Weighted U.S. Average),,Tier 1 (Equation C-1),2016-01-01-00:0,2016-12-31-00:0,18748.1,.95,0,23.9,0,,,,,,,,,,,,,,,,,,,,,,,,,,0.9999,,
382,,1005706,2016,"Domtar Paper Company, LLC",Lime Kiln,Distillate Fuel Oil No. 2,,Tier 1 (Equation C-1),2016-01-01-00:0,2016-12-31-00:0,3.7,0,0,0,0,,,,,,,,,,,,,,,,,,,,,,,,,,0.0001,,
383,,1002846,2016,"Hood Container of Louisiana, LLC",Recovery Furnace,Natural Gas (Weighted U.S. Average),,"Tier 1 (Equation C-1b, natural gas billing in mmBtu)",2016-01-01-00:0,2016-12-31-00:0,3904.6,.07,.007,1.8,2.2,,,,,,,,,,,,,,,,,,,,,,,,,,,,
384,,1002846,2016,"Hood Container of Louisiana, LLC",Lime Kiln,Natural Gas (Weighted U.S. Average),,"Tier 1 (Equation C-1b, natural gas billing in mmBtu)",2016-01-01-00:0,2016-12-31-00:0,25703.8,.48,.048,12.1,14.4,,,,,,,,,,,,,,,,,,,,,,,,,,1,,
385,,1006360,2016,NIPPON DYNAWAVE PACKAGING,GHG-02_LK,Natural Gas (Weighted U.S. Average),,Tier 1 (Equation C-1),2016-01-01-00:0,2016-12-31-00:0,31520.8,.59,.059,14.9,17.7,,,,,,,,,,,,,,,,,,,,,,,,,,1,,
386,,1006608,2016,FINCH PAPER LLC,"Boilers 6,7,8,10",Natural Gas (Weighted U.S. Average),,Tier 1 (Equation C-1),2016-01-01-00:0,2016-12-31-00:0,401.4,.01,.001,.2,.2,,,,,,,,,,,,,,,,,,,,,,,,,,,,
387,,1000624,2016,WestRock Tacoma Mill,Lime kiln #2,Natural Gas (Weighted U.S. Average),,"Tier 1 (Equation C-1b, natural gas billing in mmBtu)",2016-01-01-00:0,2016-12-31-00:0,7920.6,.4,0,10.1,0,,,,,,,,,,,,,,,,,,,,,,,,,,1,,
388,,1000624,2016,WestRock Tacoma Mill,Lime kiln #1,Natural Gas (Weighted U.S. Average),,"Tier 1 (Equation C-1b, natural gas billing in mmBtu)",2016-01-01-00:0,2016-12-31-00:0,32542.6,1.66,0,41.4,0,,,,,,,,,,,,,,,,,,,,,,,,,,1,,
389,,1000624,2016,WestRock Tacoma Mill,Recovery Boiler #4,Used Oil,,Tier 1 (Equation C-1),2016-01-01-00:0,2016-12-31-00:0,4760.9,.19,.039,4.8,11.5,,,,,,,,,,,,,,,,,,,,,,,,,,,,
390,,1003419,2016,"WestRock CP, LLC",N001,Natural Gas (Weighted U.S. Average),,"Tier 1 (Equation C-1b, natural gas billing in mmBtu)",2016-01-01-00:0,2016-12-31-00:0,0,0,0,0,0,,,,,,,,,,,,,,,,,,,,,,,,,,,,
391,,1005012,2016,"WESTROCK CP, LLC - HODGE MILL",RB3,Natural Gas (Weighted U.S. Average),,Tier 1 (Equation C-1),2016-01-01-00:0,2016-12-31-00:0,3968.2,.07,.007,1.9,2.2,,,,,,,,,,,,,,,,,,,,,,,,,,,,
